ne_name,top_keys
GPE,"[('政治', [('台灣', 232), ('中國', 152), ('美國', 102), ('台北', 43), ('台', 33), ('美', 23), ('緬甸', 21), ('北市', 18), ('花蓮', 17), ('臺灣', 15), ('美方', 14), ('日', 11), ('台北市', 10), ('中', 8), ('南非', 8), ('苗栗', 6), ('大陸', 6), ('中華民國', 5), ('日本', 5), ('桃園', 4), ('臺', 4), ('鴻海', 4), ('金門', 4), ('北所', 4), ('北市府', 4), ('亞亞', 4), ('台中', 4), ('裕隆', 3), ('台海', 3), ('澳門', 3), ('新北市', 3), ('法國', 3), ('泰國', 3), ('桂芝', 3), ('華民國', 3), ('北京', 3), ('新北', 2), ('新竹縣', 2), ('北', 2), ('台南', 2), ('北一女', 2), ('花蓮縣', 2), ('高雄', 2), ('中華人民共和國', 2), ('成都', 2), ('台獨', 2), ('韓', 2), ('中國福州', 2), ('彰化', 2), ('印太', 2)]), ('運動', [('台灣', 310), ('西班牙', 90), ('日本', 63), ('尼加拉瓜', 33), ('台北', 32), ('日', 22), ('韓國', 17), ('中國', 16), ('南非', 15), ('台', 13), ('美國', 11), ('英國', 10), ('大谷', 8), ('台灣隊', 8), ('台南', 8), ('澳洲', 7), ('南韓', 6), ('泰國', 5), ('美', 5), ('桃園', 5), ('中', 5), ('法國', 4), ('台東', 4), ('苗栗', 4), ('花蓮', 4), ('旅日', 3), ('西班牙隊', 3), ('韓', 3), ('台日', 3), ('巴黎', 3), ('馬來西亞', 3), ('沙國', 3), ('東京', 3), ('台北市', 3), ('韓籍', 2), ('捷克', 2), ('尼加拉', 2), ('旅美', 2), ('烏克蘭', 2), ('俄國', 2), ('葡萄牙', 2), ('摩洛哥', 2), ('烏拉圭', 2), ('巴拉圭', 2), ('墨西哥', 2), ('台南市', 2), ('松島', 1), ('雲豹', 1), ('關島', 1), ('長昱\u3000', 1)]), ('娛樂', [('台灣', 102), ('日本', 53), ('台北', 40), ('中國', 27), ('韓國', 20), ('南韓', 18), ('美國', 18), ('台', 17), ('香港', 15), ('山東', 8), ('木村', 6), ('北京', 6), ('泰國', 5), ('高雄', 4), ('日', 4), ('韓', 4), ('大陸', 4), ('台視', 4), ('越南', 3), ('曼谷', 3), ('家寧', 3), ('紐約', 3), ('東京', 3), ('新加坡', 3), ('大S', 3), ('台南', 2), ('富邦', 2), ('國城', 2), ('花蓮', 2), ('臺灣', 2), ('台中', 2), ('新墨西哥州', 2), ('俄羅斯富', 2), ('俄羅斯', 2), ('洛杉磯', 2), ('法國', 2), ('美', 2), ('加拿大', 2), ('張蘭', 2), ('南投', 1), ('新北', 1), ('屏東', 1), ('緬甸', 1), ('金城武', 1), ('歐巴', 1), ('楊宗諺', 1), ('曾國城', 1), ('中國大陸', 1), ('陸', 1), ('台美', 1)]), ('國際', [('美國', 398), ('緬甸', 132), ('中國', 105), ('台灣', 72), ('烏克蘭', 67), ('泰國', 52), ('美', 50), ('加拿大', 46), ('俄國', 45), ('曼谷', 39), ('日本', 34), ('南韓', 32), ('俄', 28), ('美方', 27), ('俄羅斯', 25), ('丹麥', 18), ('英國', 17), ('菲律賓', 15), ('以色列', 14), ('烏', 13), ('中', 12), ('越南', 11), ('沙國', 10), ('台', 9), ('印度', 8), ('雲南', 8), ('香港', 7), ('美股', 7), ('澳洲', 7), ('墨西哥', 7), ('奈比多', 7), ('格陵蘭', 7), ('加薩', 7), ('川', 6), ('法國', 6), ('烏俄', 6), ('盧比歐', 6), ('美烏', 6), ('菲', 5), ('北韓', 5), ('伊朗', 5), ('北京', 4), ('德國', 4), ('普', 4), ('瓦城', 4), ('巴基斯坦', 4), ('俄方', 4), ('歐洲', 3), ('東京', 3), ('瑞士', 3)]), ('地方', [('高雄', 36), ('花蓮', 35), ('台灣', 30), ('台中', 16), ('台南', 16), ('台中市', 15), ('桃園', 14), ('南投', 14), ('六福村', 12), ('中', 12), ('宜蘭', 11), ('嘉義', 11), ('基隆', 10), ('雲林', 10), ('屏東', 10), ('新竹市', 10), ('彰化', 9), ('日本', 9), ('苗栗', 9), ('桃園市', 9), ('澳門', 9), ('澎湖', 8), ('嘉義縣', 8), ('彰化市', 6), ('新北市', 6), ('台', 6), ('台南市', 6), ('北港', 6), ('基隆市', 5), ('高雄市', 5), ('新竹', 5), ('嘉義縣大埔鄉', 5), ('嘉義大埔', 5), ('日', 4), ('花蓮縣', 4), ('台東', 4), ('荷蘭', 4), ('台北', 4), ('南投縣', 3), ('中國', 3), ('中市', 3), ('印度', 3), ('緬甸', 3), ('湖口', 3), ('彰化縣', 3), ('臺南', 3), ('屏東縣', 3), ('曼谷', 3), ('梅山', 3), ('楠西區', 3)]), ('全部', [('台灣', 746), ('美國', 530), ('中國', 303), ('日本', 164), ('緬甸', 157), ('台北', 121), ('西班牙', 93), ('美', 82), ('台', 78), ('烏克蘭', 69), ('泰國', 65), ('花蓮', 58), ('南韓', 57), ('加拿大', 49), ('俄國', 47), ('曼谷', 45), ('日', 43), ('高雄', 42), ('韓國', 42), ('美方', 41), ('中', 38), ('尼加拉瓜', 33), ('英國', 30), ('俄', 29), ('台南', 28), ('俄羅斯', 27), ('南非', 24), ('香港', 24), ('桃園', 23), ('台中', 22), ('北市', 20), ('苗栗', 19), ('臺灣', 19), ('丹麥', 19), ('菲律賓', 17), ('台北市', 16), ('法國', 16), ('澳洲', 16), ('越南', 15), ('南投', 15), ('台中市', 15), ('以色列', 14), ('澳門', 13), ('宜蘭', 13), ('北京', 13), ('沙國', 13), ('烏', 13), ('大陸', 12), ('韓', 12), ('彰化', 12)])]"
PERSON,"[('政治', [('柯文哲', 110), ('傅崐萁', 89), ('卓榮泰', 79), ('賴清德', 75), ('蔣萬安', 67), ('劉世芳', 38), ('柯建銘', 37), ('川普', 32), ('郭智輝', 31), ('陳佩琪', 31), ('賴', 27), ('徐巧芯', 24), ('王世堅', 22), ('劉振亞', 22), ('蕭美琴', 15), ('區桂芝', 15), ('恩綺', 15), ('亞亞', 15), ('葉元之', 15), ('顧立雄', 14), ('黃國昌', 14), ('陳淑姿', 13), ('李慧芝', 12), ('韓國瑜', 12), ('卓揆', 12), ('朱立倫', 12), ('沈慶京', 12), ('沈伯洋', 12), ('曹興誠', 11), ('蘇意舜', 11), ('林宸頡', 10), ('賴清美', 10), ('馬文君', 10), ('蘇敬哲', 9), ('張元杰', 9), ('楊植斗', 9), ('鍾小平', 9), ('黃偉財', 8), ('楊岳達', 8), ('陳', 8), ('魏汶萱', 8), ('林佳龍', 7), ('吳思瑤', 7), ('許智傑', 7), ('立雄', 7), ('林秉州', 7), ('翁曉玲', 7), ('馮浩宇', 7), ('陳玉珍', 7), ('陳蜀強', 7)]), ('運動', [('陳傑憲', 125), ('林昱珉', 52), ('曾豪駒', 36), ('張育成', 35), ('李洋', 30), ('陳偉殷', 29), ('林郁婷', 29), ('江國豪', 29), ('王博玄', 28), ('林佳緯', 27), ('孫易磊', 25), ('林智勝', 24), ('徐若熙', 24), ('林子偉', 23), ('吳念庭', 23), ('林家正', 23), ('蔡其昌', 22), ('陳文杰', 22), ('林昀儒', 21), ('蔣少宏', 20), ('謝淑薇', 18), ('宋晟睿', 17), ('王齊麟', 17), ('張奕', 17), ('張建偉', 16), ('沙子宸', 16), ('陳柏毓', 16), ('陳子豪', 16), ('莊陳仲敖', 15), ('李雅英', 14), ('劉芝宇', 14), ('李宗賢', 14), ('李珠', 13), ('朱育賢', 13), ('林安可', 12), ('李相秀', 11), ('陳宇宏', 11), ('徐翔聖', 11), ('陳重羽', 11), ('曾峻岳', 10), ('伍祐城', 10), ('鄭宗哲', 10), ('郭俊麟', 10), ('辜仲諒', 10), ('林昀', 9), ('李珠珢', 9), ('大谷翔平', 9), ('高宇杰', 9), ('陳柏清', 8), ('林岳平', 8)]), ('娛樂', [('金賽綸', 177), ('金秀賢', 118), ('大S', 75), ('汪小菲', 61), ('具俊曄', 56), ('王大陸', 47), ('方大同', 41), ('張蘭', 35), ('郭泓志', 30), ('張綺云', 26), ('金秀', 25), ('徐熙媛', 25), ('黃子佼', 22), ('曾國城', 20), ('汪', 19), ('趙駿亞', 18), ('張學友', 17), ('卜學亮', 16), ('孫生', 16), ('薛凱琪', 15), ('熙媛', 15), ('韓星', 14), ('Andy', 14), ('許富凱', 14), ('姚元浩', 13), ('陳妍希', 13), ('陶晶瑩', 12), ('李鎮浩', 12), ('李多慧', 11), ('吳婉君', 11), ('蕭敬騰', 10), ('侯佩岑', 10), ('周杰倫', 9), ('孟耿如', 9), ('徐乃麟', 9), ('陳君豪', 9), ('曹雅雯', 9), ('賽綸', 8), ('吳', 8), ('杜力', 8), ('小S', 8), ('奧斯卡', 8), ('楊大正', 8), ('包偉銘', 7), ('家寧', 7), ('錢薇娟', 7), ('吳心緹', 7), ('林依晨', 7), ('陶喆', 7), ('林芯儀', 6)]), ('國際', [('川普', 295), ('普亭', 55), ('尹錫悅', 41), ('澤倫斯基', 28), ('杜特蒂', 27), ('哈瑪斯', 18), ('陳韋仁', 16), ('張永騰', 16), ('劉泳暐', 16), ('韋仁', 14), ('卡尼', 12), ('盧特尼克', 10), ('石破茂', 10), ('尹錫', 10), ('瓦爾茲', 10), ('赫格塞斯', 10), ('方基墨', 9), ('普', 9), ('黃仁勳', 9), ('張立德', 8), ('范斯', 8), ('黎安友', 8), ('伊瑪莫魯', 8), ('魏科夫', 8), ('拜登', 7), ('馬斯克', 7), ('陳毓麟', 6), ('闕帝慈', 6), ('馬克宏', 6), ('敏昂萊', 6), ('盧比歐', 6), ('巴拉爾', 6), ('胡塞', 6), ('星巴克', 6), ('林祐', 5), ('布克', 5), ('李威特', 5), ('林祐任', 4), ('曼德勒', 4), ('登', 4), ('吳連哲', 3), ('劉人豪', 3), ('邱楷雯', 3), ('卡尼（Mark Carney', 3), ('賴清德', 3), ('劉泳暐 ', 3), ('加巴德', 3), ('鄭義宣', 3), ('魏摩爾', 3), ('艾爾', 3)]), ('地方', [('黃仁勳', 22), ('黃偉哲', 13), ('林谷隆', 10), ('周春米', 10), ('余孟潔', 9), ('盧秀燕', 9), ('金秀賢', 8), ('陳可親', 7), ('黃富祺', 6), ('汪奕嘉', 5), ('布丁', 5), ('陳', 5), ('蕭美琴', 5), ('吳柔廷', 5), ('楊芯宇', 5), ('聖貝', 5), ('張麗善', 5), ('陳緗淇', 4), ('王勝炫', 4), ('劉啟宇', 4), ('蘇世偉', 4), ('陳勁曄', 4), ('黃鈺君', 4), ('蔣介石', 4), ('蘇俊賓', 4), ('丘尼', 4), ('蕭志遠', 3), ('張愷廷', 3), ('王郁文', 3), ('儒艮', 3), ('王夢婷', 3), ('吳', 3), ('張興傑', 3), ('徐誌謙', 3), ('何佩珊', 3), ('金賽綸', 3), ('金秀', 3), ('高雄', 3), ('王秀成', 3), ('于臻', 3), ('鄭艮祐', 3), ('周郁庭', 3), ('吳淑鳳', 3), ('陳淳禎', 3), ('曾如成', 3), ('陳柏璋', 3), ('林雅', 3), ('王', 3), ('吳郭魚', 3), ('林書弘', 2)]), ('全部', [('川普', 330), ('金賽綸', 180), ('金秀賢', 126), ('陳傑憲', 125), ('柯文哲', 110), ('傅崐萁', 89), ('卓榮泰', 85), ('賴清德', 84), ('大S', 75), ('蔣萬安', 72), ('汪小菲', 61), ('具俊曄', 56), ('普亭', 55), ('林昱珉', 52), ('王大陸', 47), ('方大同', 41), ('尹錫悅', 41), ('劉世芳', 40), ('柯建銘', 37), ('曾豪駒', 36), ('張育成', 35), ('張蘭', 35), ('郭智輝', 31), ('陳佩琪', 31), ('黃仁勳', 31), ('李洋', 30), ('郭泓志', 30), ('賴', 29), ('陳偉殷', 29), ('林郁婷', 29), ('江國豪', 29), ('王博玄', 28), ('金秀', 28), ('澤倫斯基', 28), ('蕭美琴', 27), ('林佳緯', 27), ('張綺云', 27), ('杜特蒂', 27), ('蔡其昌', 25), ('孫易磊', 25), ('徐熙媛', 25), ('徐巧芯', 24), ('林智勝', 24), ('徐若熙', 24), ('林子偉', 23), ('吳念庭', 23), ('林家正', 23), ('王世堅', 22), ('劉振亞', 22), ('陳文杰', 22)])]"
DATE,"[('政治', [('今天', 49), ('去年', 17), ('昨天', 17), ('今日', 11), ('今年', 10), ('兩天', 9), ('一天', 6), ('日前', 6), ('5年', 6), ('2日', 5), ('週二', 5), ('3月', 5), ('21日', 5), ('今', 5), ('25日', 5), ('2024年', 5), ('4月', 4), ('10天', 4), ('28日', 4), ('113年', 4), ('13年', 4), ('7年', 4), ('114年度', 4), ('今（19）日', 4), ('今（13）日', 4), ('9日', 3), ('週日', 3), ('2019年', 3), ('2023年', 3), ('兩年', 3), ('1日', 3), ('三天', 3), ('10日', 3), ('2個月', 3), ('2021年', 3), ('25）日', 3), ('四月', 3), ('8年', 3), ('去年底', 3), ('14年度', 3), ('去年12月', 3), ('上週', 3), ('6個月', 3), ('2017年', 3), ('七天', 3), ('1997年', 3), ('今（7）日', 2), ('今（6）日', 2), ('4日', 2), ('數十年', 2)]), ('運動', [('明年', 36), ('今年', 33), ('今天', 32), ('去年', 28), ('昨天', 12), ('今日', 10), ('2025年', 10), ('昨日', 7), ('2024年', 7), ('2日', 7), ('2026年', 7), ('10年', 6), ('2023年', 6), ('25日', 6), ('2022年', 5), ('2月', 5), ('明天', 5), ('2034年', 5), ('第二天', 4), ('2025', 4), ('2019年', 4), ('1月', 4), ('20多年', 3), ('2004年', 3), ('3月1日', 3), ('1日', 3), ('第一天', 3), ('20歲', 3), ('24歲', 3), ('21日', 3), ('一天', 3), ('今（23）日', 3), ('23歲', 3), ('5月', 3), ('今（26）天', 3), ('2月25日', 3), ('2030年', 3), ('兩天', 2), ('2013年', 2), ('6年', 2), ('今年球季', 2), ('第22年', 2), ('2015年', 2), ('21年', 2), ('1年', 2), ('上個月', 2), ('18日', 2), ('2天', 2), ('今（18）天', 2), ('今（17）日', 2)]), ('娛樂', [('今天', 25), ('今年', 23), ('去年', 22), ('6年', 14), ('10年', 12), ('2016年', 11), ('今日', 10), ('春節期間', 9), ('1年', 8), ('昨天', 8), ('2015年', 7), ('4月', 7), ('上個月', 7), ('一天', 6), ('13日', 6), ('2個月', 6), ('昨日', 6), ('一個月', 5), ('8年', 5), ('2018年', 5), ('3日', 5), ('5年', 5), ('2024年', 5), ('2020年', 5), ('2019年', 5), ('2017年', 5), ('2022年', 5), ('41歲', 5), ('3週年', 5), ('一年', 4), ('6月', 4), ('2021年', 4), ('去年底', 4), ('近日', 4), ('春節', 4), ('2日', 4), ('20年', 4), ('2025年', 4), ('7年', 3), ('52歲', 3), ('21天', 3), ('兩年', 3), ('五月天', 3), ('21日', 3), ('22年', 3), ('2年', 3), ('3天', 3), ('20年前', 3), ('多年', 3), ('3月28日', 3)]), ('國際', [('今年', 21), ('今天', 11), ('2月', 10), ('一天', 9), ('去年', 8), ('4月2號', 8), ('60天', 6), ('2天', 6), ('2號', 6), ('28日', 6), ('28號', 6), ('1號', 5), ('3月', 5), ('4月9號', 4), ('幾天', 4), ('4年', 4), ('當天', 4), ('4月10日', 4), ('3日', 4), ('4月2日', 4), ('30年', 4), ('昨天', 4), ('兩天', 4), ('24歲', 4), ('30號', 4), ('27號', 4), ('23號', 4), ('4月', 4), ('兩個月', 4), ('18號', 4), ('30天', 4), ('13號', 4), ('4日', 3), ('9日', 3), ('2日', 3), ('2020年', 3), ('4月1號', 3), ('去年4月', 3), ('1天', 3), ('8天', 3), ('2021年', 3), ('5年', 3), ('21號', 3), ('21日', 3), ('3月4日', 3), ('11日', 3), ('9個月', 3), ('52天', 3), ('未來4年', 2), ('10日', 2)]), ('地方', [('今年', 37), ('去年', 28), ('今天', 17), ('今', 7), ('一年', 7), ('第一天', 5), ('2024年', 5), ('2歲', 5), ('18歲', 4), ('（', 4), ('21日', 4), ('當天', 4), ('3月', 4), ('今年1月', 4), ('14日', 4), ('明年', 4), ('4日', 3), ('1年', 3), ('2月', 3), ('1個月', 3), ('28歲', 3), ('90歲', 3), ('8個月', 3), ('一天', 3), ('26歲', 3), ('百年', 3), ('過年前', 3), ('昨天', 3), ('75年', 3), ('4號', 3), ('27日', 3), ('春節', 3), ('3歲', 3), ('雙月', 3), ('5', 2), ('）日', 2), ('今（31）', 2), ('48年', 2), ('29號', 2), ('未來3到5年', 2), ('9日', 2), ('2年前', 2), ('昨（22）天', 2), ('21號', 2), ('2022年', 2), ('24歲', 2), ('114年', 2), ('20年', 2), ('6個月', 2), ('10號', 2)]), ('全部', [('今天', 134), ('今年', 124), ('去年', 103), ('昨天', 44), ('明年', 42), ('今日', 33), ('一天', 27), ('2024年', 22), ('2月', 22), ('兩天', 20), ('2日', 20), ('10年', 20), ('6年', 19), ('3月', 18), ('21日', 18), ('2016年', 18), ('4月', 17), ('2025年', 17), ('2022年', 15), ('今', 15), ('5年', 15), ('昨日', 15), ('2019年', 14), ('2天', 14), ('1年', 14), ('一年', 14), ('25日', 13), ('當天', 13), ('2021年', 12), ('上個月', 12), ('9日', 11), ('2023年', 11), ('1日', 11), ('28日', 11), ('14日', 11), ('2015年', 11), ('24歲', 11), ('春節期間', 11), ('日前', 10), ('2020年', 10), ('3日', 10), ('2個月', 10), ('7年', 10), ('8年', 10), ('2017年', 10), ('2號', 10), ('4日', 9), ('兩年', 9), ('4月2號', 9), ('13日', 9)])]"
CARDINAL,"[('政治', [('兩', 27), ('3', 20), ('一', 19), ('2', 18), ('4', 18), ('三', 15), ('7', 15), ('5', 15), ('1', 14), ('6', 12), ('四', 9), ('17', 9), ('8', 8), ('35', 7), ('五', 6), ('六', 6), ('9', 5), ('20', 4), ('七', 3), ('九', 3), ('0', 3), ('10', 3), ('880億', 3), ('32%', 3), ('500億', 3), ('二', 3), ('八', 3), ('6號', 2), ('上百億', 2), ('2%', 2), ('昨', 2), ('80億', 2), ('180億', 2), ('00億', 2), ('數百萬', 2), ('30萬', 2), ('20萬', 2), ('1/10', 2), ('2萬', 2), ('11', 2), ('2050', 2), ('26', 2), ('25%', 1), ('數百億', 1), ('10億', 1), ('5點08分', 1), ('5點41分', 1), ('700億', 1), ('2千億', 1), ('約20萬份', 1)]), ('運動', [('1', 60), ('2', 57), ('三', 57), ('兩', 55), ('一', 42), ('3', 41), ('12', 40), ('四', 30), ('5', 28), ('6', 28), ('4', 27), ('9', 19), ('7', 12), ('二', 12), ('8', 7), ('六', 6), ('2025', 6), ('0', 5), ('三壘', 5), ('百萬', 5), ('35', 5), ('2026', 4), ('三振', 4), ('五', 4), ('304', 3), ('1局', 3), ('2：0', 3), ('24', 3), ('八', 3), ('28', 3), ('21', 3), ('3億', 3), ('200萬', 3), ('600', 3), ('101', 3), ('2：4', 2), ('3：1', 2), ('4：1', 2), ('半', 2), ('一局', 2), ('30', 2), ('500', 2), ('22', 2), ('23', 2), ('15', 2), ('2萬', 2), ('6萬', 2), ('6：3', 2), ('二壘', 2), ('七', 2)]), ('娛樂', [('兩', 65), ('一', 25), ('三', 16), ('2', 12), ('3', 11), ('5', 8), ('6', 7), ('五', 5), ('四', 5), ('9', 4), ('20', 4), ('8', 3), ('百萬', 3), ('1', 3), ('110', 3), ('2025', 3), ('7', 3), ('4', 3), ('6萬', 3), ('500', 2), ('六', 2), ('15', 2), ('倆', 2), ('45億', 2), ('10', 2), ('一審', 2), ('之一', 2), ('20萬', 2), ('1.2萬', 2), ('二', 2), ('5千', 2), ('八', 2), ('5號', 1), ('20億', 1), ('昨', 1), ('120億', 1), ('5525', 1), ('7／5', 1), ('7／12', 1), ('2萬', 1), ('25', 1), ('6.0', 1), ('13', 1), ('95萬', 1), ('50萬', 1), ('227萬', 1), ('約5萬', 1), ('18', 1), ('十分兩難', 1), ('202', 1)]), ('國際', [('兩', 34), ('一', 26), ('2', 25), ('3', 24), ('4', 16), ('6', 12), ('1', 10), ('10', 9), ('25%', 7), ('5', 7), ('7', 6), ('四', 6), ('7.7', 6), ('0', 5), ('3萬', 5), ('47', 4), ('15', 4), ('300', 4), ('8', 4), ('60', 4), ('20萬', 4), ('之一', 3), ('9', 3), ('200多', 3), ('6.4', 3), ('18', 3), ('100多', 3), ('50多', 2), ('0多', 2), ('150', 2), ('6萬', 2), ('20', 2), ('25萬', 2), ('2千', 2), ('8.2', 2), ('三成', 2), ('70', 2), ('30', 2), ('千', 2), ('數千', 2), ('50', 2), ('00萬', 2), ('5萬', 2), ('60萬', 2), ('三', 2), ('37', 2), ('1500', 2), ('24', 2), ('10號', 2), ('90', 2)]), ('地方', [('一', 41), ('5', 27), ('3', 27), ('4', 25), ('2', 23), ('兩', 19), ('9', 16), ('三', 14), ('6', 13), ('1', 12), ('7', 11), ('四', 8), ('2025', 7), ('百萬', 6), ('8', 5), ('10萬', 5), ('二', 5), ('2億', 5), ('12', 5), ('百', 4), ('24', 4), ('25', 4), ('六', 3), ('63', 3), ('十二顆', 3), ('10', 3), ('19', 3), ('1百萬', 3), ('40', 2), ('60', 2), ('50', 2), ('七', 2), ('0萬', 2), ('220', 2), ('5.98億', 2), ('80', 2), ('20', 2), ('27', 2), ('13', 2), ('18', 2), ('400萬', 2), ('4.1萬', 2), ('6.4', 2), ('158', 2), ('2千萬', 2), ('3千', 2), ('100萬', 2), ('3萬元', 2), ('1.8億', 2), ('200元', 2)]), ('全部', [('兩', 200), ('一', 153), ('2', 135), ('3', 123), ('三', 104), ('1', 99), ('4', 89), ('5', 85), ('6', 72), ('四', 58), ('7', 47), ('9', 47), ('12', 46), ('8', 27), ('二', 22), ('10', 19), ('六', 17), ('2025', 16), ('五', 15), ('百萬', 14), ('20', 13), ('0', 13), ('35', 13), ('17', 11), ('20萬', 10), ('15', 10), ('七', 9), ('25%', 9), ('24', 9), ('18', 8), ('八', 8), ('10萬', 8), ('7.7', 7), ('6萬', 7), ('之一', 7), ('60', 7), ('2億', 6), ('25', 6), ('50', 6), ('3萬', 6), ('九', 5), ('昨', 5), ('47', 5), ('19', 5), ('500', 5), ('2萬', 5), ('30', 5), ('300', 5), ('三壘', 5), ('40', 5)])]"
TIME,"[('政治', [('上午', 15), ('下午', 11), ('晚間', 4), ('中午', 3), ('深夜', 3), ('16小時', 2), ('清晨6點多', 2), ('今日', 2), ('2小時', 2), ('0分鐘', 2), ('今晚十二點', 2), ('9日上午', 1), ('2點', 1), ('下午2時', 1), ('今下午', 1), ('1小時39分鐘', 1), ('凌晨四', 1), ('3日凌晨四點', 1), ('晚間八點', 1), ('下午4點', 1), ('清晨6點47分', 1), ('13點45分', 1), ('清晨', 1), ('3/31時', 1), ('今天中午', 1), ('3/31', 1), ('下午3點多', 1), ('兩小時', 1), ('一早', 1), ('6點40分', 1), ('今天上午', 1), ('一早7點', 1), ('昨晚', 1), ('今（27）晚', 1), ('今晚', 1), ('兩半', 1), ('今（27）日凌晨0點38分', 1), ('晚上6點鐘', 1), ('下午1點', 1), ('9點', 1), ('8時58分', 1), ('2時3分', 1), ('下午2時26分', 1), ('下午6時15分', 1), ('2025年3月24日', 1), ('上午九時至下午六時', 1), ('25日午夜', 1), ('午夜', 1), ('日深夜', 1), ('今（25）日晚間6時', 1)]), ('運動', [('下午', 7), ('今晚', 7), ('晚間', 6), ('昨晚', 6), ('中午', 4), ('15秒', 4), ('中午12點', 3), ('凌晨', 3), ('2點', 2), ('18秒', 2), ('一晚', 2), ('日晚間', 2), ('下午4點', 2), ('1日凌晨', 1), ('8秒', 1), ('25日晚間7點', 1), ('24號凌晨2點', 1), ('2月25日晚間7點', 1), ('23日晚間', 1), ('午場', 1), ('前一晚', 1), ('日凌晨', 1), ('明（21）晚上7點', 1), ('下午6時35分', 1), ('1日', 1), ('5分鐘', 1), ('（4）天下午', 1), ('2小時', 1), ('10分鐘', 1), ('三分多鐘', 1), ('上午', 1), ('2時', 1), ('中午12時', 1), ('64分鐘', 1), ('今天下午', 1), ('當天下午4時', 1), ('15時', 1), ('一早', 1), ('25日晚間', 1), ('4小時', 1), ('晚上', 1)]), ('娛樂', [('下午', 9), ('深夜', 4), ('晚間', 3), ('一小時', 3), ('4號中午', 2), ('中午', 2), ('上午', 2), ('40分鐘', 2), ('0分鐘', 2), ('下午3點', 2), ('晚上', 2), ('中午12點', 2), ('2月21日早晨', 2), ('10秒', 2), ('凌晨', 2), ('2日上午', 2), ('3號下午', 1), ('天下午4點', 1), ('1夜', 1), ('兩天一夜', 1), ('幾分鐘', 1), ('天下午3點半', 1), ('昨晚', 1), ('28日凌晨2點', 1), ('早上', 1), ('下午2點50分', 1), ('下午3點50分', 1), ('週六晚上8點', 1), ('21日晚間', 1), ('每週六晚上8點', 1), ('9點', 1), ('週六晚上10點', 1), ('6分鐘', 1), ('9日半夜2點', 1), ('2小時', 1), ('4小時', 1), ('天上午', 1), ('4月1日中午12點', 1), ('3日中午', 1), ('17分鐘', 1), ('上午8點56分', 1), ('56分', 1), ('3分', 1), ('20分鐘', 1), ('早上10點半', 1), ('9日中午12點', 1), ('今晚', 1), ('晚上2200-0130：', 1), ('今（3）日上午', 1), ('週一（3日）上午7時30分', 1)]), ('國際', [('下午', 8), ('凌晨', 5), ('晚間', 3), ('12分鐘', 3), ('10分鐘', 2), ('上午', 2), ('25小時', 2), ('4分鐘', 2), ('早上', 2), ('48小時', 2), ('2時', 2), ('2小時', 2), ('下午2時20分', 2), ('17小時', 2), ('1小時', 2), ('5號上午', 1), ('5號上午10點左右', 1), ('一夜之間', 1), ('4號清晨', 1), ('昨晚', 1), ('上午10點', 1), ('4）日上午10時', 1), ('2日深夜23:04', 1), ('100小時', 1), ('凌晨12點半', 1), ('一分鐘', 1), ('21小時19分鐘', 1), ('早上10點', 1), ('5個小時', 1), ('5分鐘', 1), ('30幾秒', 1), ('週一凌晨0點40分', 1), ('50小時', 1), ('72小時', 1), ('8小時', 1), ('30號上午', 1), ('40小時', 1), ('五個小時', 1), ('3分', 1), ('30小時', 1), ('下午四點', 1), ('週五下午', 1), ('三到五秒', 1), ('4小時', 1), ('未來兩小時', 1), ('28）日下午', 1), ('2分鐘', 1), ('2點20分', 1), ('1個多小時', 1), ('2時32分', 1)]), ('地方', [('下午', 8), ('上午', 8), ('40分鐘', 7), ('晚間', 7), ('凌晨', 6), ('晚上', 5), ('6小時', 3), ('10分鐘', 3), ('凌晨4點多', 3), ('0分鐘', 3), ('早上8點', 2), ('10點45分', 2), ('9夜', 2), ('夜間', 2), ('30分鐘', 2), ('小年夜', 2), ('清晨', 2), ('凌晨0點17分', 2), ('0點17分', 2), ('4日晚間11點', 1), ('日晚上8點', 1), ('近6小時', 1), ('5日晚間11點', 1), ('8夜', 1), ('10點45', 1), ('八夜', 1), ('2點1分', 1), ('早上6點多', 1), ('8點', 1), ('7點', 1), ('2時', 1), ('晚間8點', 1), ('25分', 1), ('下午5點25分', 1), ('15號下午', 1), ('10點', 1), ('下午1點多時', 1), ('下午兩點半', 1), ('19時47分', 1), ('20時33分', 1), ('週一晚間', 1), ('下午4時40分', 1), ('昨（27）日晚上7點多', 1), ('7點45分', 1), ('今（16）日早上07點58分', 1), ('今（14）日中午', 1), ('上午11點多', 1), ('上午11點', 1), ('凌晨5點多', 1), ('下午3時', 1)]), ('全部', [('下午', 43), ('上午', 28), ('晚間', 23), ('凌晨', 16), ('昨晚', 10), ('今晚', 10), ('中午', 9), ('40分鐘', 9), ('深夜', 8), ('晚上', 8), ('0分鐘', 7), ('2小時', 6), ('10分鐘', 6), ('一小時', 5), ('中午12點', 5), ('2點', 4), ('下午4點', 4), ('清晨', 4), ('15秒', 4), ('2時', 4), ('6小時', 4), ('清晨6點多', 3), ('9點', 3), ('一晚', 3), ('5分鐘', 3), ('4小時', 3), ('早上', 3), ('30分鐘', 3), ('12分鐘', 3), ('凌晨4點多', 3), ('下午2時', 2), ('16小時', 2), ('下午3點多', 2), ('今日', 2), ('一早', 2), ('日深夜', 2), ('下午16時', 2), ('今晚十二點', 2), ('18秒', 2), ('今天下午', 2), ('日晚間', 2), ('4號中午', 2), ('幾分鐘', 2), ('下午3點', 2), ('3分', 2), ('20分鐘', 2), ('2月21日早晨', 2), ('2分鐘', 2), ('8點', 2), ('10秒', 2)])]"
ORG,"[('政治', [('立法院', 112), ('國民黨', 92), ('民進黨', 89), ('移民署', 58), ('行政院', 52), ('中共', 51), ('監察院', 46), ('國防部', 31), ('內政部', 30), ('民眾黨', 25), ('立院', 22), ('裕隆集團', 17), ('經濟部', 17), ('外交部', 14), ('立委', 14), ('行政院長', 13), ('裕隆', 12), ('國會', 11), ('中央', 11), ('陸委會', 11), ('總統府', 10), ('亞亞', 10), ('藍委', 9), ('司法院', 8), ('立法院長', 7), ('裕隆汽車', 7), ('財政部', 7), ('央視', 7), ('台視', 6), ('政府', 6), ('川普', 6), ('國民黨團', 6), ('竹聯幫', 6), ('北檢', 6), ('國安會', 5), ('台北隊', 5), ('中選會', 5), ('台灣', 5), ('中國', 5), ('法務部', 5), ('北市府', 5), ('南非外交部', 5), ('台北聯絡代表處', 5), ('北市勞動局', 5), ('府院', 4), ('解放軍', 4), ('國軍', 4), ('海委會', 4), ('台北', 4), ('台北地院', 4)]), ('運動', [('台灣隊', 190), ('中華隊', 64), ('台灣', 18), ('日本隊', 16), ('西班牙隊', 11), ('西班牙', 11), ('美國職棒大聯盟', 10), ('韓國隊', 10), ('國家隊', 10), ('大聯盟', 10), ('中職', 9), ('台視', 9), ('尼加拉瓜隊', 9), ('國際奧會', 9), ('體育署', 8), ('洛杉磯道奇隊', 7), ('雲豹球團', 6), ('美國職棒', 6), ('中華棒協', 6), ('中華職棒', 6), ('日本', 5), ('中國隊', 5), ('王牌', 5), ('半局', 5), ('烏茲塔利茲', 5), ('中華棒', 5), ('道奇隊', 5), ('大谷', 5), ('美國大聯盟', 4), ('美技', 4), ('台北', 4), ('南非隊', 4), ('羽球', 4), ('國際中心', 4), ('教練團', 4), ('東京', 4), ('采盟公司', 4), ('聯盟', 3), ('台鋼雄鷹啦啦隊', 3), ('WBC', 3), ('火腿隊', 3), ('清宮', 3), ('北海道', 3), ('國際拳擊總會', 3), ('巴黎奧運', 3), ('辛納', 3), ('澳網', 3), ('麟洋配', 3), ('富邦文教基金會', 3), ('世界拳擊總會', 3)]), ('娛樂', [('Andy', 30), ('台視', 16), ('橫豎研究所', 13), ('金秀賢經紀公司', 11), ('家寧', 6), ('英文原音', 5), ('木村拓哉', 4), ('文策院', 4), ('警局', 3), ('新北地檢署', 3), ('紐約', 3), ('陸委會', 3), ('國稅局', 3), ('義大利', 3), ('Gold Medalist', 3), ('奧斯卡', 3), ('大S', 3), ('金秀賢與經紀公司', 2), ('群海娛樂股份有限公司', 2), ('國際中心', 2), ('金秀賢公司', 2), ('韓團', 2), ('經紀公司', 2), ('華岡藝校', 2), ('YouTube', 2), ('台北', 2), ('唱片公司', 2), ('北市兵役局', 2), ('美國軍校', 2), ('Prem', 2), ('泰國人氣男團', 2), ('華語音', 2), ('台北10', 2), ('韓文版', 2), ('品牌記者會', 1), ('木村拓', 1), ('金賽綸經紀公司', 1), ('賽綸公司', 1), ('old Medalist', 1), ('橫豎研究', 1), ('大巨蛋唱', 1), ('日系', 1), ('金牌', 1), ('美法院', 1), ('個人頻道', 1), ('群海娛樂公司', 1), ('新北', 1), ('Youtube頻道', 1), ('監視', 1), ('中國人', 1)]), ('國際', [('國際中心', 59), ('歐盟', 38), ('白宮', 37), ('川普', 29), ('格陵蘭', 24), ('民主黨', 20), ('教育部', 13), ('路透社', 12), ('中共', 12), ('美聯社', 12), ('國會', 10), ('波音', 9), ('美國', 8), ('英特爾', 8), ('國際刑事法院', 8), ('川普政府', 6), ('台積電', 6), ('葡萄酒', 6), ('美軍', 6), ('華府', 6), ('胡塞組織', 6), ('以色列', 6), ('政府', 5), ('大西洋月刊', 5), ('烏軍', 5), ('Google', 5), ('金卡', 5), ('共產黨', 4), ('韓聯社', 4), ('加拿大', 4), ('國防部', 4), ('貝東塔', 4), ('中鐵十局', 4), ('聯合國', 4), ('真航空', 4), ('以軍', 4), ('克宮', 4), ('冰淇淋', 4), ('迪士尼', 4), ('自由黨', 4), ('日經', 3), ('南韓憲法法院', 3), ('南韓法院', 3), ('憲法法院', 3), ('道瓊', 3), ('中國', 3), ('軍政府', 3), ('共和黨', 3), ('美國國防部', 3), ('吉卜力工作室', 3)]), ('地方', [('衛生局', 26), ('台視', 11), ('台鐵', 10), ('環保局', 9), ('吉伊卡', 9), ('文化局', 7), ('高雄市政府新聞局', 7), ('疾管署', 6), ('彰化', 6), ('消防局', 5), ('公路局', 5), ('交通部', 5), ('海巡署', 4), ('教育局', 4), ('都發局', 4), ('台中', 4), ('彰化縣政府', 4), ('馬偕醫院', 4), ('桃園', 4), ('北市衛生局', 4), ('太魯閣', 3), ('食安處', 3), ('政府', 3), ('數位', 3), ('行政院', 3), ('嘉義縣府', 3), ('全美戲院', 3), ('新竹縣教育局', 3), ('高雄', 3), ('三環幫', 3), ('紫南宮', 3), ('華航', 3), ('水利局', 3), ('高雄市衛生局', 2), ('綠博', 2), ('鎮瀾宮', 2), ('天宮', 2), ('立法院', 2), ('圖／台視', 2), ('中共', 2), ('中國', 2), ('添丁土地公', 2), ('韓團', 2), ('高雄衛生局', 2), ('市府都發局', 2), ('土木技師公會', 2), ('法院', 2), ('花蓮分局', 2), ('中市府', 2), ('基隆港務分公司', 2)]), ('全部', [('台灣隊', 190), ('立法院', 117), ('民進黨', 92), ('國民黨', 92), ('中共', 65), ('國際中心', 65), ('中華隊', 64), ('移民署', 58), ('行政院', 55), ('監察院', 46), ('台視', 44), ('歐盟', 40), ('白宮', 38), ('川普', 35), ('國防部', 35), ('內政部', 32), ('Andy', 30), ('台灣', 27), ('衛生局', 26), ('民眾黨', 25), ('立院', 24), ('格陵蘭', 24), ('國會', 21), ('民主黨', 20), ('經濟部', 18), ('裕隆集團', 17), ('教育部', 17), ('外交部', 16), ('日本隊', 16), ('政府', 15), ('立委', 15), ('行政院長', 14), ('陸委會', 14), ('路透社', 14), ('台鐵', 13), ('橫豎研究所', 13), ('裕隆', 12), ('美聯社', 12), ('總統府', 11), ('中央', 11), ('西班牙隊', 11), ('西班牙', 11), ('金秀賢經紀公司', 11), ('美國', 10), ('中國', 10), ('台北', 10), ('亞亞', 10), ('美國職棒大聯盟', 10), ('韓國隊', 10), ('國家隊', 10)])]"
MONEY,"[('政治', [('739億美元', 3), ('4000元', 3), ('3000元', 3), ('374萬元', 3), ('5579萬3888元', 3), ('880億元', 2), ('20億元', 2), ('20萬元', 2), ('1萬元', 2), ('7000元', 2), ('82億元', 2), ('1.82元', 1), ('1.42元', 1), ('1114億美元', 1), ('880億', 1), ('28億美元', 1), ('5千萬元', 1), ('4229億元', 1), ('29億元', 1), ('6000元', 1), ('00萬元', 1), ('2萬美元', 1), ('5000元', 1), ('1萬5000元', 1), ('000元', 1), ('2000元', 1), ('10萬元', 1), ('579萬3888元', 1), ('300餘萬元', 1), ('579萬', 1), ('888元', 1), ('500萬元', 1), ('435元', 1), ('6萬元', 1), ('55', 1), ('9萬3888元', 1), ('千餘萬元', 1), ('30元', 1), ('217萬元', 1), ('97多億元', 1), ('8億多元', 1), ('3千元', 1), ('3.3兆台幣', 1), ('00億', 1), ('台幣98億元', 1)]), ('運動', [('2萬美元', 3), ('2億元', 2), ('500元', 2), ('1700萬美元', 2), ('2980元', 2), ('680元', 2), ('70萬元', 2), ('3000萬元', 2), ('1千塊', 2), ('66萬元', 1), ('台幣', 1), ('2000美元', 1), ('新台幣', 1), ('66萬新台幣', 1), ('480元', 1), ('880元', 1), ('1697萬美元', 1), ('5.4億台幣', 1), ('50萬美元', 1), ('280元', 1), ('26萬美元', 1), ('650萬美元', 1), ('62.5萬美元', 1), ('30元', 1), ('900萬元', 1), ('540萬元', 1), ('4.6億元', 1), ('60萬元', 1), ('600萬日圓', 1), ('130萬元新台幣', 1), ('2.5萬美元', 1), ('1000多萬台幣', 1), ('500塊', 1), ('100萬元', 1), ('700萬元', 1), ('四億元', 1), ('1.6億元', 1), ('3億元', 1)]), ('娛樂', [('500萬元', 3), ('120億韓元', 2), ('台幣', 2), ('95萬元', 2), ('7億韓幣', 2), ('7億韓元', 2), ('15萬元', 2), ('2.5億元', 2), ('0億韓元', 1), ('上億元', 1), ('3000萬台幣', 1), ('一億元', 1), ('695萬元', 1), ('億元', 1), ('1億元', 1), ('5280元', 1), ('1280元', 1), ('2440元', 1), ('3億多元', 1), ('4200元', 1), ('00元', 1), ('8千萬元', 1), ('800元', 1), ('6.5億元', 1), ('4.3億元', 1)]), ('國際', [('1美元', 3), ('數十億英鎊', 3), ('台幣', 2), ('210億美元', 2), ('30億美元', 2), ('500萬美元', 2), ('2千億美元', 2), ('千億美元', 2), ('300萬美元', 2), ('1兆美元', 1), ('280億美元', 1), ('200', 1), ('2300美元', 1), ('7萬6千台幣', 1), ('8千美元', 1), ('2萬美元', 1), ('66萬台幣', 1), ('40萬美元', 1), ('100美元', 1), ('00美元', 1), ('35億美元', 1), ('37億台幣', 1), ('一千億美元', 1), ('1萬美元', 1), ('33萬元', 1), ('0多億美元', 1), ('約台幣', 1), ('1.65億台幣', 1), ('5兆美元', 1), ('35兆美元', 1), ('2.7億美元', 1), ('600萬美元', 1), ('6000到15000美元', 1), ('30美元', 1), ('900美元', 1), ('6000美元', 1), ('約台幣20萬', 1), ('000萬美元', 1), ('16.5億台幣', 1), ('9900萬台幣', 1), ('10萬日圓', 1), ('2.2萬元', 1), ('180億歐元', 1), ('9千多億台幣', 1), ('280多億美元', 1), ('27兆元', 1), ('台幣27兆', 1), ('台幣1億6千多萬', 1), ('80萬美元', 1), ('500億美元', 1)]), ('地方', [('600元', 4), ('200元', 3), ('2億元', 3), ('800元', 2), ('2000元', 2), ('1千元', 2), ('10萬元', 2), ('4億元', 2), ('6000元', 2), ('6萬元以上', 1), ('6萬元', 1), ('60元', 1), ('69元', 1), ('5億元', 1), ('110億元', 1), ('2614萬', 1), ('836萬元', 1), ('114.3億元', 1), ('914萬元', 1), ('450到500元', 1), ('30萬元', 1), ('5', 1), ('300元', 1), ('75元', 1), ('900億元', 1), ('8萬元', 1), ('1500', 1), ('1800元', 1), ('600到1800元', 1), ('3萬至5萬元', 1), ('1000元', 1), ('百萬元', 1), ('25萬元', 1), ('臺幣5萬元', 1), ('6萬', 1), ('萬元', 1), ('3萬元', 1), ('7億元', 1), ('500元', 1), ('3萬6000元', 1), ('新台幣', 1), ('1萬元', 1)]), ('全部', [('2萬美元', 5), ('2億元', 5), ('台幣', 5), ('500萬元', 4), ('600元', 4), ('739億美元', 3), ('1萬元', 3), ('6000元', 3), ('4000元', 3), ('3000元', 3), ('2000元', 3), ('10萬元', 3), ('374萬元', 3), ('5579萬3888元', 3), ('500元', 3), ('800元', 3), ('1美元', 3), ('數十億英鎊', 3), ('200元', 3), ('880億元', 2), ('20億元', 2), ('20萬元', 2), ('7000元', 2), ('6萬元', 2), ('30元', 2), ('82億元', 2), ('新台幣', 2), ('1700萬美元', 2), ('2980元', 2), ('680元', 2), ('70萬元', 2), ('3000萬元', 2), ('1千塊', 2), ('120億韓元', 2), ('95萬元', 2), ('7億韓幣', 2), ('7億韓元', 2), ('15萬元', 2), ('2.5億元', 2), ('210億美元', 2), ('30億美元', 2), ('500萬美元', 2), ('2千億美元', 2), ('千億美元', 2), ('300萬美元', 2), ('1千元', 2), ('4億元', 2), ('1.82元', 1), ('1.42元', 1), ('1114億美元', 1)])]"
PERCENT,"[('政治', [('32％', 5), ('32%', 2), ('70％', 2), ('6%', 2), ('23.4％', 1), ('5.4％', 1), ('50％', 1), ('3％', 1), ('6.5％', 1), ('0％甚至25％', 1), ('66％', 1), ('57%', 1), ('96%', 1), ('66%', 1)]), ('運動', [('9成', 1), ('99.7%', 1)]), ('國際', [('25％', 4), ('5％', 3), ('25%', 3), ('200％', 3), ('49％', 2), ('2％', 2), ('3%', 2), ('34％', 2), ('50％', 2), ('4％', 1), ('20％', 1), ('24％', 1), ('6%', 1), ('10％', 1), ('35％', 1), ('46%', 1), ('3％', 1), ('10%', 1), ('24%', 1), ('70％', 1), ('70%', 1), ('42%', 1), ('3個百分點', 1), ('20%', 1), ('0％', 1), ('0%', 1), ('3成', 1), ('7成', 1), ('近15%', 1)]), ('全部', [('32％', 5), ('25％', 4), ('70％', 3), ('50％', 3), ('6%', 3), ('5％', 3), ('25%', 3), ('200％', 3), ('32%', 2), ('3％', 2), ('49％', 2), ('2％', 2), ('3%', 2), ('34％', 2), ('23.4％', 1), ('5.4％', 1), ('6.5％', 1), ('0％甚至25％', 1), ('66％', 1), ('57%', 1), ('96%', 1), ('66%', 1), ('9成', 1), ('99.7%', 1), ('4％', 1), ('20％', 1), ('24％', 1), ('10％', 1), ('35％', 1), ('46%', 1), ('10%', 1), ('24%', 1), ('70%', 1), ('42%', 1), ('3個百分點', 1), ('20%', 1), ('0％', 1), ('0%', 1), ('3成', 1), ('7成', 1), ('近15%', 1)])]"
ORDINAL,"[('政治', [('第一', 20), ('第二', 20), ('第1', 7), ('第三', 5), ('第2', 4), ('第四', 4), ('第五', 4), ('第4', 2), ('第二階段', 2), ('第18', 2), ('第8', 2), ('第9', 2), ('第7', 2), ('第6', 2), ('第5', 1), ('第20', 1), ('9', 1), ('日', 1)]), ('運動', [('第一', 66), ('第二', 43), ('第三', 21), ('第2', 21), ('第四', 8), ('第3', 8), ('第七', 6), ('第五', 5), ('第1', 5), ('第六', 5), ('第4', 5), ('第7', 4), ('最後', 4), ('第八', 3), ('第九', 3), ('第8', 3), ('第5', 2), ('第6', 2), ('第14', 1), ('第45', 1), ('第9', 1), ('二壘', 1), ('首', 1), ('第一局', 1), ('首次', 1), ('第10', 1), ('第4名', 1), ('第11', 1), ('第二人', 1), ('第3局', 1)]), ('娛樂', [('第一', 28), ('第二', 15), ('第三', 3), ('第3度', 1), ('第三度', 1), ('8', 1), ('第四', 1), ('日', 1), ('第3', 1), ('第4', 1), ('第75', 1), ('第9', 1), ('第九', 1), ('首次', 1)]), ('國際', [('第一', 16), ('第二', 14), ('第六', 4), ('第三', 2), ('第3', 2), ('首次', 2), ('第47', 1), ('一次', 1), ('第6', 1), ('第一階段', 1), ('第四', 1), ('第1', 1), ('第五', 1)]), ('地方', [('第一', 17), ('第二', 10), ('第2', 3), ('第3', 2), ('第4', 2), ('第三', 2), ('第15', 2), ('第8', 1), ('一', 1), ('第六', 1), ('二', 1), ('8', 1)]), ('全部', [('第一', 147), ('第二', 102), ('第三', 33), ('第2', 28), ('第四', 14), ('第1', 13), ('第3', 13), ('第4', 10), ('第五', 10), ('第六', 10), ('第8', 6), ('第7', 6), ('第七', 6), ('第6', 5), ('第9', 4), ('最後', 4), ('第九', 4), ('首次', 4), ('第5', 3), ('第八', 3), ('第二階段', 2), ('第18', 2), ('日', 2), ('8', 2), ('第15', 2), ('第20', 1), ('9', 1), ('第14', 1), ('第45', 1), ('二壘', 1), ('首', 1), ('第一局', 1), ('第10', 1), ('第4名', 1), ('第11', 1), ('第二人', 1), ('第3局', 1), ('第3度', 1), ('第三度', 1), ('第75', 1), ('第47', 1), ('一次', 1), ('第一階段', 1), ('一', 1), ('二', 1)])]"
LOC,"[('政治', [('台海', 3), ('台灣海峽', 3), ('台灣', 2), ('兩岸', 2), ('東海海域', 1), ('台島', 1), ('西南海域', 1), ('亞亞', 1), ('伊比利美洲', 1), ('西南', 1)]), ('運動', [('亞洲', 2), ('南非', 2), ('南美洲', 2), ('台東', 2), ('松山', 1), ('黃國洲', 1), ('之谷', 1)]), ('娛樂', [('台北永康街', 1), ('寶島', 1), ('金寶山', 1)]), ('國際', [('歐洲', 10), ('台海', 4), ('西部', 4), ('東南亞', 3), ('黑海', 3), ('歐亞', 2), ('河口湖', 1), ('赫德島', 1), ('南極洲', 1), ('大隅半島', 1), ('巴丹群島', 1), ('平民區', 1), ('赤松', 1), ('南半島', 1), ('馬路', 1), ('紅海', 1), ('約旦河西岸', 1), ('亞太', 1), ('哈利路亞', 1), ('紐西蘭南島', 1), ('太空', 1), ('美東', 1), ('加薩', 1), ('中東', 1), ('兩岸', 1), ('克里米亞半島', 1), ('巴爾幹半島', 1), ('東岸', 1), ('中美洲', 1), ('申根區', 1)]), ('地方', [('歐洲', 5), ('太平山', 3), ('七星潭', 2), ('南大路', 2), ('萬華區', 2), ('中正區', 2), ('洽溪路', 2), ('信義區', 2), ('楠西區', 2), ('拉拉山', 2), ('蘭嶼', 2), ('環中路二段', 1), ('社區', 1), ('七星潭岸', 1), ('東南亞', 1), ('清水中興街', 1), ('海灘', 1), ('西濱', 1), ('崇德', 1), ('和平西路', 1), ('環河南路二段', 1), ('中正區南海路', 1), ('那瑪夏區', 1), ('屏東山海', 1), ('新竹東區', 1), ('西屯區', 1), ('台東市豐榮路', 1), ('台灣', 1), ('青埔路', 1), ('桃園', 1), ('內區', 1), ('東勢', 1), ('天公爐', 1), ('中正區八斗街', 1), ('基隆港', 1), ('西區', 1), ('遊樂區', 1), ('全福街', 1), ('嘉南', 1), ('甲仙區', 1), ('阿里山', 1), ('大寮路', 1), ('仁愛路', 1), ('楠西區民族路', 1), ('台南玉井', 1), ('沙鹿區', 1), ('星河路', 1), ('梅山口', 1), ('逢甲夜市', 1), ('環島公路', 1)]), ('全部', [('歐洲', 15), ('台海', 7), ('東南亞', 4), ('西部', 4), ('台灣', 3), ('台灣海峽', 3), ('兩岸', 3), ('黑海', 3), ('太平山', 3), ('亞洲', 2), ('南非', 2), ('南美洲', 2), ('台東', 2), ('歐亞', 2), ('七星潭', 2), ('南大路', 2), ('萬華區', 2), ('中正區', 2), ('洽溪路', 2), ('信義區', 2), ('楠西區', 2), ('拉拉山', 2), ('蘭嶼', 2), ('東海海域', 1), ('台島', 1), ('西南海域', 1), ('亞亞', 1), ('伊比利美洲', 1), ('西南', 1), ('松山', 1), ('黃國洲', 1), ('之谷', 1), ('台北永康街', 1), ('寶島', 1), ('金寶山', 1), ('河口湖', 1), ('赫德島', 1), ('南極洲', 1), ('大隅半島', 1), ('巴丹群島', 1), ('平民區', 1), ('赤松', 1), ('南半島', 1), ('馬路', 1), ('紅海', 1), ('約旦河西岸', 1), ('亞太', 1), ('哈利路亞', 1), ('紐西蘭南島', 1), ('太空', 1)])]"
QUANTITY,"[('政治', [('24浬', 1), ('24海里', 1), ('270x40公里', 1), ('5浬', 1), ('9海浬', 1), ('兩公約', 1), ('64人', 1), ('8%', 1)]), ('運動', [('100公尺', 2), ('150公里', 1), ('1公里', 1), ('00公尺', 1), ('0公尺', 1), ('60公里', 1), ('3名', 1), ('155公里', 1)]), ('娛樂', [('6公斤', 2), ('8公尺', 1), ('27公尺', 1), ('64公斤', 1), ('0度', 1), ('180度', 1)]), ('國際', [('500公尺', 5), ('10公里', 4), ('20公尺', 3), ('25%', 3), ('0公里', 2), ('2.4%', 2), ('40km', 1), ('3級', 1), ('不到200公里', 1), ('101', 1), ('2001點', 1), ('675公尺', 1), ('2450公里', 1), ('數十公里', 1), ('上百公頃', 1), ('10公尺', 1), ('1千公里', 1), ('200多', 1), ('1000公里', 1), ('17.2公里', 1), ('7.2公里', 1), ('10', 1), ('25公尺', 1), ('3名', 1), ('50公尺', 1), ('270萬公噸', 1), ('2.7%', 1), ('1.7%', 1), ('5%', 1), ('7千公尺', 1), ('3700多公尺', 1), ('2.70%', 1), ('2.5毫米', 1), ('56公里', 1)]), ('地方', [('12公尺', 3), ('11.5公分', 2), ('3公里', 2), ('5公分', 2), ('16噸', 2), ('12米', 2), ('13公尺', 2), ('130公里', 1), ('15公里', 1), ('30公里', 1), ('5.3公里', 1), ('約3公尺', 1), ('約500公斤', 1), ('3公尺', 1), ('500公斤', 1), ('00公尺', 1), ('1公里', 1), ('一斤', 1), ('20萬斤', 1), ('6公里', 1), ('99公里', 1), ('10米', 1), ('679萬度', 1), ('106萬度', 1), ('4公尺', 1), ('20公頃', 1), ('18公尺', 1), ('6公尺', 1), ('30公尺', 1), ('0公尺', 1), ('69.5公里', 1), ('約50公尺', 1), ('50公尺', 1), ('9.7公里', 1), ('6.4', 1), ('100公尺', 1), ('120公里', 1), ('3米', 1), ('1度', 1), ('3200多公尺', 1), ('3千公尺', 1), ('3千多公尺', 1), ('68平方公尺', 1), ('1510平方公尺', 1), ('300%', 1), ('2000公尺', 1)]), ('全部', [('500公尺', 5), ('10公里', 4), ('100公尺', 3), ('20公尺', 3), ('25%', 3), ('12公尺', 3), ('1公里', 2), ('00公尺', 2), ('0公尺', 2), ('3名', 2), ('6公斤', 2), ('0公里', 2), ('50公尺', 2), ('2.4%', 2), ('11.5公分', 2), ('3公里', 2), ('5公分', 2), ('16噸', 2), ('12米', 2), ('13公尺', 2), ('24浬', 1), ('24海里', 1), ('270x40公里', 1), ('5浬', 1), ('9海浬', 1), ('兩公約', 1), ('64人', 1), ('8%', 1), ('150公里', 1), ('60公里', 1), ('155公里', 1), ('8公尺', 1), ('27公尺', 1), ('64公斤', 1), ('0度', 1), ('180度', 1), ('40km', 1), ('3級', 1), ('不到200公里', 1), ('101', 1), ('2001點', 1), ('675公尺', 1), ('2450公里', 1), ('數十公里', 1), ('上百公頃', 1), ('10公尺', 1), ('1千公里', 1), ('200多', 1), ('1000公里', 1), ('17.2公里', 1)])]"
FAC,"[('政治', [('松山機場', 6), ('立法院', 3), ('桃園機場', 2), ('立法院議場', 2), ('康園', 2), ('東海海域', 1), ('總統府', 1), ('北一女中', 1), ('台美經貿小組', 1), ('台北松山機場', 1), ('北所', 1), ('議場', 1), ('羅斯福路口', 1), ('圓環七岔路', 1), ('康園餐廳', 1), ('王功停車場', 1), ('雲彰牧場', 1), ('新光醫院', 1), ('立院', 1), ('中共大使館', 1), ('勞動檢查處', 1), ('九五至尊大樓', 1), ('星光大道', 1), ('酪農場', 1), ('幼兒園', 1)]), ('運動', [('桃園機場', 8), ('台南棒球場', 2), ('台中洲際棒球場', 2), ('二壘', 2), ('羽球場', 2), ('中華職棒統一獅', 1), ('台南球棒場', 1), (' 112 場', 1), ('統一獅隊', 1), ('飛球', 1), ('平飛球', 1), ('天母棒球場', 1), ('復興北路361巷', 1), ('斗六球場', 1), ('第5球', 1), ('國立臺灣博物館', 1), ('台灣第一座棒球場', 1), ('臺灣博物館', 1), ('北海道', 1), ('台東棒球場', 1), ('建平路', 1), ('永華路', 1), ('暖場', 1), ('松山機場', 1), ('國際賽棒球場', 1), ('亞洲', 1), ('總統府', 1), ('君悅飯店', 1), ('凱達格蘭大道公園', 1)]), ('娛樂', [('金寶山玫瑰園', 6), ('松山機場', 4), ('板橋河濱公園', 2), ('洛杉磯杜比劇院', 2), ('林口體育館', 2), ('台北國際會議中心', 1), ('赤峰街', 1), ('捷中山站', 1), ('台北松菸園', 1), ('櫻花季壓軸場', 1), ('警局', 1), ('玫瑰園', 1), ('亞洲巡迴台灣站', 1), ('東京醫院', 1), ('星光大道', 1), ('聖地紅螺寺', 1), ('基因', 1), ('台北站', 1), ('東京羽田機場', 1), ('台北松山機場', 1), ('台北民權會館', 1)]), ('國際', [('白宮', 7), ('希斯洛機場', 6), ('阿瓦大橋', 5), ('國際太空站', 3), ('曼德勒國際機場', 2), ('寶石博物館', 2), ('格陵蘭', 2), ('釜山金海機場', 2), ('南京雞鳴寺', 2), ('迪士尼樂園', 2), ('海湖莊園', 2), ('國際刑事法院', 2), ('丹佛國際機場', 2), ('華盛頓國家廣場', 1), ('赫德島', 1), ('國會殿堂', 1), ('奧地利場', 1), ('東南部慶尚道', 1), ('北極圈', 1), ('瓦礫堆', 1), ('道路隆', 1), ('0層大樓', 1), ('曼德勒大橋', 1), ('土格陵蘭', 1), ('美國五角大廈', 1), ('關島機場', 1), ('美軍太空基地', 1), ('首爾江東區路', 1), ('一間小學', 1), ('聖伯多祿大教堂', 1), ('議會', 1), ('五角大廈', 1), ('靖國神社', 1), ('羅馬醫院', 1), ('倫敦希斯洛機場', 1), ('聖保羅機場', 1), ('杜拜機場', 1), ('桃園機場', 1), ('福州長樂國際機場', 1), ('迪士尼園區', 1), ('迪士尼加州冒險樂園', 1), ('太空站', 1), ('喬治亞州首府', 1), ('佛州海湖莊園', 1), ('星際飛船', 1), ('國際機場', 1), ('馬路', 1), ('闕帝慈', 1), ('黃海道', 1)]), ('地方', [('桃園機場', 3), ('青塘園', 3), ('桃園', 3), ('拱天宮', 3), ('太平老街', 3), ('太魯閣國家公園', 2), ('台北南港展覽館', 2), ('武嶺', 2), ('托嬰中心', 2), ('西濱快速道路', 2), ('三仙巷', 2), ('花東快速公路', 2), ('光的遊戲場', 2), ('樂天棒球場', 2), ('千塘', 2), ('深澳坑路', 2), ('嘉義阿里山公路', 2), ('紫南宮', 2), ('新竹科學園', 2), ('維冠大樓', 2), ('朝天宮', 2), ('SPA池', 2), ('台一線大度橋', 1), ('太魯閣', 1), ('大甲鎮瀾宮', 1), ('桃園機場檢疫站', 1), ('香客大樓', 1), ('天宮路', 1), ('寶山街', 1), ('民宅大樓', 1), ('北市府', 1), ('台北市林森北路', 1), ('花蓮火車站', 1), ('百福水漾會館', 1), ('水漾會館', 1), ('漾會館', 1), ('東海大學', 1), ('東岸', 1), ('基隆港', 1), ('苗栗後龍路段', 1), ('苗栗後龍路', 1), ('大武山牧場', 1), ('中壢環西路', 1), ('愛國大橋', 1), ('八掌溪映月橋', 1), ('台中清水休息站', 1), ('清水充電站', 1), ('鹿港老街', 1), ('八卦山大佛', 1), ('南服中心', 1)]), ('全部', [('桃園機場', 14), ('松山機場', 11), ('白宮', 7), ('金寶山玫瑰園', 6), ('希斯洛機場', 6), ('阿瓦大橋', 5), ('立法院', 3), ('國際太空站', 3), ('青塘園', 3), ('桃園', 3), ('拱天宮', 3), ('太平老街', 3), ('總統府', 2), ('台北松山機場', 2), ('立法院議場', 2), ('康園', 2), ('星光大道', 2), ('台南棒球場', 2), ('台中洲際棒球場', 2), ('二壘', 2), ('羽球場', 2), ('板橋河濱公園', 2), ('洛杉磯杜比劇院', 2), ('林口體育館', 2), ('曼德勒國際機場', 2), ('寶石博物館', 2), ('格陵蘭', 2), ('釜山金海機場', 2), ('南京雞鳴寺', 2), ('迪士尼樂園', 2), ('海湖莊園', 2), ('國際刑事法院', 2), ('丹佛國際機場', 2), ('太魯閣國家公園', 2), ('台北南港展覽館', 2), ('武嶺', 2), ('托嬰中心', 2), ('西濱快速道路', 2), ('三仙巷', 2), ('花東快速公路', 2), ('光的遊戲場', 2), ('樂天棒球場', 2), ('千塘', 2), ('深澳坑路', 2), ('嘉義阿里山公路', 2), ('紫南宮', 2), ('新竹科學園', 2), ('維冠大樓', 2), ('朝天宮', 2), ('SPA池', 2)])]"
NORP,"[('政治', [('台灣', 8), ('中國人', 7), ('中國', 5), ('台灣人', 5), ('中國籍', 4), ('台北', 3), ('美國', 1), ('美牛', 1), ('台電', 1), ('台僑', 1), ('國人', 1), ('亞亞', 1), ('北市', 1), ('韓籍', 1), ('日本籍', 1), ('台商', 1), ('台視', 1), ('新加坡商', 1), ('大陸', 1)]), ('運動', [('台灣', 25), ('台視', 5), ('日本', 4), ('韓籍', 4), ('中國', 3), ('台裔', 2), ('台灣人', 2), ('日籍', 1), ('韓職', 1), ('瑞士', 1), ('韓國', 1), ('丹麥', 1), ('台籍', 1), ('香港', 1), ('中國人', 1), ('中共', 1), ('中華', 1), ('日本隊', 1), ('台灣隊', 1)]), ('娛樂', [('中國', 10), ('台灣', 5), ('南韓', 5), ('日本', 3), ('韓籍', 3), ('英國', 2), ('韓國', 1), ('韓國人', 1), ('紐約', 1), ('美籍', 1), ('馬來西亞籍', 1), ('台視', 1), ('好萊塢', 1), ('日裔', 1), ('華人', 1), ('猶太人', 1), ('香港', 1), ('南韓藝人', 1), ('新加坡籍', 1)]), ('國際', [('美國', 10), ('中國', 4), ('巴勒斯坦人', 4), ('日本', 3), ('美國人', 3), ('台灣', 2), ('台灣人', 1), ('瑞士', 1), ('美方', 1), ('亞洲', 1), ('川普', 1), ('巴西', 1), ('泰國', 1), ('韓台灣人', 1), ('泰國人', 1), ('S&P500', 1), ('同胞', 1), ('以色列', 1), ('烏國', 1), ('巴勒斯坦', 1), ('烏克蘭', 1), ('麥當勞', 1), ('紐特人', 1), ('烏克蘭人', 1), ('韓媒', 1)]), ('地方', [('大武壠族', 3), ('台中', 2), ('富族', 2), ('竹科人', 2), ('日本', 2), ('韓國', 2), ('日本人', 1), ('拉阿魯哇族', 1), ('高雄人', 1), ('越南', 1), ('嘉義', 1), ('台灣', 1), ('蘆洲三民', 1), ('宜蘭', 1)]), ('全部', [('台灣', 41), ('中國', 22), ('日本', 12), ('美國', 11), ('中國人', 8), ('台灣人', 8), ('韓籍', 8), ('台視', 7), ('南韓', 5), ('中國籍', 4), ('韓國', 4), ('巴勒斯坦人', 4), ('台北', 3), ('美國人', 3), ('大武壠族', 3), ('台裔', 2), ('瑞士', 2), ('香港', 2), ('英國', 2), ('台中', 2), ('富族', 2), ('竹科人', 2), ('美牛', 1), ('台電', 1), ('台僑', 1), ('國人', 1), ('亞亞', 1), ('北市', 1), ('日本籍', 1), ('台商', 1), ('新加坡商', 1), ('大陸', 1), ('日籍', 1), ('韓職', 1), ('丹麥', 1), ('台籍', 1), ('中共', 1), ('中華', 1), ('日本隊', 1), ('台灣隊', 1), ('韓國人', 1), ('紐約', 1), ('美籍', 1), ('馬來西亞籍', 1), ('好萊塢', 1), ('日裔', 1), ('華人', 1), ('猶太人', 1), ('南韓藝人', 1), ('新加坡籍', 1)])]"
LAW,"[('政治', [('軍事審判法', 7), ('軍審法', 4), ('陸海空軍刑法', 3), ('警察人事條例', 2), ('國家安全法', 2), ('警察人員人事條例', 1), ('國家憲法', 1), ('憲法', 1), ('財劃法', 1), ('政治獻金法第10條', 1), ('紀念日及節日實施辦法', 1), ('勞動基準法', 1), ('國防部組織法', 1), ('刑事訴訟法', 1)]), ('娛樂', [('個人資料保護法', 1)]), ('國際', [('憲法', 1), ('間諜法', 1), ('移民金卡', 1)]), ('全部', [('軍事審判法', 7), ('軍審法', 4), ('陸海空軍刑法', 3), ('警察人事條例', 2), ('憲法', 2), ('國家安全法', 2), ('警察人員人事條例', 1), ('國家憲法', 1), ('財劃法', 1), ('政治獻金法第10條', 1), ('紀念日及節日實施辦法', 1), ('勞動基準法', 1), ('國防部組織法', 1), ('刑事訴訟法', 1), ('個人資料保護法', 1), ('間諜法', 1), ('移民金卡', 1)])]"
EVENT,"[('政治', [('京華城案', 2), ('政治獻金案', 1), ('民進黨政策宣講會', 1), ('京華城弊案', 1), ('天京華城案', 1), ('三戰', 1), ('修法公聽會', 1), ('2025雙北世界壯年運動會', 1), ('世壯運賽會', 1), ('國安法案', 1), ('洪仲丘案', 1), ('洪仲丘事件', 1)]), ('運動', [('世界棒球經典賽', 12), ('U12亞洲少棒錦標賽', 5), ('巴黎奧運', 3), ('奧運', 3), ('2025世界棒球經典賽資格賽', 3), ('世界盃', 3), ('二連霸', 3), ('12亞洲少棒錦標賽', 2), ('金牌戰', 2), ('四強戰', 1), ('WBCQ', 1), ('2026世界棒球', 1), ('西班牙之戰', 1), ('3戰', 1), ('台瓜大戰', 1), ('尼大戰', 1), ('金牌二連霸', 1), ('羽球運動', 1), ('春訓', 1), ('台韓交流賽', 1), ('國際交流賽', 1), ('第2', 1), ('世界12強棒球賽', 1), ('飆火球', 1), ('閉門模擬練習', 1), ('亞洲冬季運動會', 1), ('新加坡大滿貫男雙', 1), ('韓交流賽', 1), ('金盃', 1), ('世界羽聯世界巡迴賽', 1), ('世界羽球總會', 1), ('卡達世界盃', 1), ('世足金盃', 1), ('世界羽聯年終賽', 1), ('麟洋配', 1), ('世界羽聯年終總決賽', 1), ('台灣內戰', 1), ('世界棒球', 1), ('原棒協關懷盃', 1), ('2024競技疊杯亞洲盃錦標賽', 1), ('世界拳總（WB）年終總決賽', 1), ('世界拳總年終賽', 1), ('亞洲少棒錦標賽', 1), ('U12世界盃', 1), ('桃園英雄見面會', 1), ('世界棒壘球總會', 1), ('中華職棒例行賽', 1), ('世界拳總盃', 1), ('27連勝', 1), ('水門禮', 1)]), ('娛樂', [('高雄櫻花季', 2), ('金秀賢事件', 1), ('金秀賢風波', 1), ('二戰', 1), ('JJ20 FINAL LAP世界巡迴演唱會', 1), ('台北國際書展', 1)]), ('國際', [('格陵蘭', 4), ('烏俄戰爭', 4), ('大阪世界博覽會', 1), ('5.1餘震', 1), ('芮氏規模8.2強震', 1), ('瓦城市視察地震', 1), ('以哈戰爭', 1), ('烏克蘭戰爭', 1), ('太空滯留事件', 1), ('二戰', 1), ('2025世界行動通訊大會', 1), ('2011年三一一大地震', 1)]), ('地方', [('2025', 4), ('臺灣國際蘭展', 3), ('靖黃專案', 2), ('米貢祭', 2), ('莫拉克風災', 2), ('0403大地震', 1), ('太平洋國際疊石藝術季', 1), ('台中新光三越氣爆案', 1), ('智慧台中成果發表會', 1), ('2025亞太蘭花會議暨臺灣國際蘭展', 1), ('台灣國際蘭展', 1), ('亞太蘭花會議', 1), ('萬山勇士祭', 1), ('0403地震', 1), ('5.6地震', 1), ('日地震', 1), ('6.4地震', 1)]), ('全部', [('世界棒球經典賽', 12), ('U12亞洲少棒錦標賽', 5), ('格陵蘭', 4), ('烏俄戰爭', 4), ('2025', 4), ('巴黎奧運', 3), ('奧運', 3), ('2025世界棒球經典賽資格賽', 3), ('世界盃', 3), ('二連霸', 3), ('臺灣國際蘭展', 3), ('京華城案', 2), ('12亞洲少棒錦標賽', 2), ('金牌戰', 2), ('高雄櫻花季', 2), ('二戰', 2), ('靖黃專案', 2), ('米貢祭', 2), ('莫拉克風災', 2), ('政治獻金案', 1), ('民進黨政策宣講會', 1), ('京華城弊案', 1), ('天京華城案', 1), ('三戰', 1), ('修法公聽會', 1), ('2025雙北世界壯年運動會', 1), ('世壯運賽會', 1), ('國安法案', 1), ('洪仲丘案', 1), ('洪仲丘事件', 1), ('四強戰', 1), ('WBCQ', 1), ('2026世界棒球', 1), ('西班牙之戰', 1), ('3戰', 1), ('台瓜大戰', 1), ('尼大戰', 1), ('金牌二連霸', 1), ('羽球運動', 1), ('春訓', 1), ('台韓交流賽', 1), ('國際交流賽', 1), ('第2', 1), ('世界12強棒球賽', 1), ('飆火球', 1), ('閉門模擬練習', 1), ('亞洲冬季運動會', 1), ('新加坡大滿貫男雙', 1), ('韓交流賽', 1), ('金盃', 1)])]"
WORK_OF_ART,"[('政治', [('際兒童權利公約', 1)]), ('運動', [('回憶錄', 1), ('春訓', 1), ('IG PO', 1), ('台灣尚勇', 1), ('台視新聞', 1), ('綜藝3國智', 1)]), ('娛樂', [('奧斯卡金像獎', 8), ('橫豎研究所', 5), ('艾諾拉', 5), ('粗獷派建築師', 5), ('第97屆奧斯卡金像獎頒獎典禮', 5), ('淚之女王', 4), ('金球獎', 4), ('山寨人生', 3), ('金曲獎', 3), ('分手擂台', 3), ('麥克風', 2), ('《橫豎研究所', 2), ('海角七號', 2), ('後宮甄環傳', 2), ('一字千金', 2), ('全明星出發吧！', 2), ('臥虎藏龍', 2), ('魔法壞女巫', 2), ('小丑2：雙重瘋狂', 2), ('四人遊', 2), ('演員工會獎', 2), ('奧斯卡金像獎頒獎典禮', 2), ('秘密會', 2), ('大叔', 2), ('流星花園', 2), ('終身成就獎', 2), ('班瑪旺嘉', 1), ('台視新聞', 1), ('我們與惡的距離2', 1), ('金鐘獎', 1), ('嗨！營業中', 1), ('乘風2025', 1), ('乘風202', 1), ('Newse', 1), ('高雄櫻花季', 1), ('起看世界', 1), ('追我吧', 1), ('鏡周刊', 1), ('仇者聯盟2：奧創紀元', 1), ('橫豎研究', 1), ('冰雪奇緣', 1), ('金曲歌', 1), ('《拾歌》台語', 1), ('梅樹師', 1), ('雨後驕陽', 1), ('寶島西米樂', 1), ('殺無赦', 1), ('哈利波特', 1), ('驚聲尖叫》', 1), ('巴布狄倫：搖滾詩人', 1)]), ('國際', [('捍衛戰士', 3), ('捍衛戰士：獨行俠', 2), ('神鬼至尊', 2), ('白雪公主', 2), ('埃及王子', 1), ('蝙蝠俠3', 1), ('蝙蝠俠', 1), ('捍衛戰', 1), ('阿湯哥', 1), ('永遠的蝙蝠俠', 1), ('奧斯', 1), ('《你的國，我的家', 1), ('俄羅斯假訊息', 1)]), ('地方', [('清明連假專區', 2), ('大甲媽鑾轎', 1), ('蘭花王國', 1), ('達古阿里', 1), ('天地訣', 1), ('頭獎', 1), ('梅杜莎', 1), ('魷魚遊戲', 1)]), ('全部', [('奧斯卡金像獎', 8), ('橫豎研究所', 5), ('艾諾拉', 5), ('粗獷派建築師', 5), ('第97屆奧斯卡金像獎頒獎典禮', 5), ('淚之女王', 4), ('金球獎', 4), ('山寨人生', 3), ('金曲獎', 3), ('分手擂台', 3), ('捍衛戰士', 3), ('台視新聞', 2), ('麥克風', 2), ('《橫豎研究所', 2), ('海角七號', 2), ('後宮甄環傳', 2), ('一字千金', 2), ('全明星出發吧！', 2), ('臥虎藏龍', 2), ('魔法壞女巫', 2), ('小丑2：雙重瘋狂', 2), ('四人遊', 2), ('演員工會獎', 2), ('奧斯卡金像獎頒獎典禮', 2), ('秘密會', 2), ('大叔', 2), ('流星花園', 2), ('終身成就獎', 2), ('捍衛戰士：獨行俠', 2), ('神鬼至尊', 2), ('白雪公主', 2), ('清明連假專區', 2), ('際兒童權利公約', 1), ('回憶錄', 1), ('春訓', 1), ('IG PO', 1), ('台灣尚勇', 1), ('綜藝3國智', 1), ('班瑪旺嘉', 1), ('我們與惡的距離2', 1), ('金鐘獎', 1), ('嗨！營業中', 1), ('乘風2025', 1), ('乘風202', 1), ('Newse', 1), ('高雄櫻花季', 1), ('起看世界', 1), ('追我吧', 1), ('鏡周刊', 1), ('仇者聯盟2：奧創紀元', 1)])]"
LANGUAGE,"[('政治', [('中文', 1)]), ('運動', [('中文', 3), ('英文', 1)]), ('娛樂', [('中文', 7), ('英文', 3), ('華語', 3), ('台語', 1)]), ('國際', [('英文', 1)]), ('全部', [('中文', 11), ('英文', 5), ('華語', 3), ('台語', 1)])]"
PRODUCT,"[('政治', [('殲-10', 1)]), ('運動', [('113', 1), ('陽岱鋼', 1)]), ('國際', [('iP', 1), ('通用', 1), ('吉拉朵', 1), ('NASA', 1), ('F-47', 1), ('5G', 1)]), ('地方', [('APP', 1), ('YouBik', 1), ('AED', 1), ('耶誕樹', 1)]), ('全部', [('殲-10', 1), ('113', 1), ('陽岱鋼', 1), ('iP', 1), ('通用', 1), ('吉拉朵', 1), ('NASA', 1), ('F-47', 1), ('5G', 1), ('APP', 1), ('YouBik', 1), ('AED', 1), ('耶誕樹', 1)])]"
