item_id|date|category|title|content|link|photo_link|is_ai_related
財經_20250617_2|2025-06-16|財經|以伊交火！台股也多空交戰 小跌23點守住2200...|中東戰事急速升溫，短線金融市場雜音偏多，除了台指期將結算，美股四巫日也將到來等，本週更進入超級央行週，市場氛圍觀望，讓台股開低震盪，早盤電子股表現不一，台積電與鴻海盤下整理，加權指數徘迴在22000點附近，盤面上，國際油價上漲，支撐石化品價格，塑化類股整體漲幅超過1.7%，航運族群，慧洋-KY與中航漲幅2~3%，加權指數尾盤一度翻紅，不過終場仍是下跌了23點，收在22049點，成交量2884億元。以色列與伊朗衝突未停歇，台股開盤賣壓明顯，開低下跌百點後，進入震盪整理，跌幅收斂面臨22000點保衛戰，電子權值股表現不一，台積電、鴻海盤下震盪，但聯電與大立光漲幅仍有1%上下。永豐期貨分析師劉佳倫指出，如果比較極端一點，假設說伊朗要把荷姆茲海峽封鎖，那可能就會讓原油的供應鏈斷鏈，油價可能就會上看到100美元以上，甚至120、130美元，但基本上我們目前還是傾向，應該只會落在比較基本情境，即便有打但是沒有再擴大的部分，可能也會對台股來說，也會是一個慢慢震盪，回溫到年線之上，都是有機會的。盤面上，國際油價大漲，塑化類股包括台聚、南亞與台塑，漲幅都有2~3%，伊朗威脅封鎖荷姆茲海峽，恐影響船隻通行，運價醞釀漲勢，部分航運族群包括長榮上漲1%，慧洋-KY、新興等表現強勢。本土法人預估，中東戰事升級，在樂觀情境下，如果衝突沒有再擴大，台股還是有機會站穩年線之上，但本週金融市場變數多，除了台灣央行、理監事會議召開、美國FOMC會議舉行等，股市震盪機率偏高。第一金投顧董事長黃詣庭表示，「週三是台股期貨的結算日，週五則是美國期權的四巫日，所以本週來說的話，比較多事件性的因素，短期而言的話觀望氛圍比較濃厚，上方的壓力會是在22500點左右，下方的支撐，大概在21000點左右，大概就是過去這十個交易日的相對低點，如果22000有守住的話，那整體的態勢會是，相對比較強的狀況。」專家對台股中長線並不悲觀，但短線需留意解套賣壓，7月初關稅大限將至，美國與各國談判進展受到矚目，股市短期仍受消息面與國際經貿牽動，投資人仍需提高警覺。台北／綜合報導　|https://news.ttv.com.tw/news/11406160021900N|https://cdn.ttv.com.tw/manasystem/FileData/News/6d275935-9f44-497a-a613-f4cd63e7b2e5.jpg|True
財經_20250617_5|2025-06-15|財經|外銷訂單估連四月成長！　台股仍有「4大利空」|根據經濟部調查，預估我國廠商5月接單金額，達550億至570億美元、年增12.5%到16.6%，已連續四個月正成長，可能是AI需求依舊強勁，加上美國關稅政策，帶來的拉貨潮仍在進行，即便上半年有多家公司業績表現不俗，但受到國際政經局勢影響，台股後市仍存有不少利空。外銷訂單持續暢旺　接單金額連4個月正成長國際情勢不穩，但我國外銷訂單依舊旺！根據經濟部廠商調查，預期5月我國接單金額達550億至570億美元，年增12.5%到16.6%、連續四個月正成長，而廠商接單狀況跟四月相比，有14.5%增加、多數持平，經濟部分析，是AI需求強勁，加上美國關稅政策帶來的拉貨潮仍在進行式。分析師白易弘說明，「第二季的這個出口的金額，往年來講的話電子股算是淡季，但今年有點淡季不淡，那也有可能會形成第三季、第四季，他們預先拉貨庫存累積，就要去化庫存，可能第三季第四季就會旺季不旺」。拉貨潮帶動上半年出口　下半年力道恐漸縮分析師認為，拉貨潮讓上半年出口業績表現衝了好大一波，但下半年，整體力道可能就會漸漸縮減，即便近來不少公司財報表現不俗，但受以色列跟伊朗衝突影響，市場避險情緒升溫，也讓台股動能有所減損，有法人認為後市有「4大利空」包含台股期貨淨空單升高、中東緊張局勢升溫、美國關稅政策未定，以及聯準會將公布的利率決策。白易弘說明，「目前市場比較預估會是在9月才會有降息，期望的是7月9號之後，關稅能夠在一個合理的範圍之內，譬如說10%到15%，這樣對台股的影響就相對會慢慢偏向於回歸到基本面」。台北／陳酈亭、甘而棣　|https://news.ttv.com.tw/news/11406150025700N|https://cdn.ttv.com.tw/manasystem/FileData/News/552ed918-efef-4995-a691-d2bd6f83373b.jpg|True
財經_20250617_7|2025-06-13|財經|廣達AI爆單德州要擴廠！ 林百里想晚十年退休|廣達董事長林百里表示，客戶給的AI伺服器訂單非常多，因此在美國德州擴廠勢在必行。而針對量子電腦的布局，林百里說這是機密，並形容十年磨一劍，目標是打造出客戶需要的量子電腦，笑說若真的需要十年，自己還能賴皮晚點退休。量子電腦還在磨劍 林百里評人形機器不好做林百里表示，「美國製造我們很有經驗了，客人也蠻滿意了，川普2.0一定要美國製造，那很好啊，我們就在美國增加生產力，擴廠是一個肯定的事情。」儘管台幣升值難免對公司有影響，但內部避險機制一直都在進行，而關稅調整後，最主要還是由客戶支付，因此影響有限。而被問到量子電腦進度，林百里說，這是機密不能講，但目標就是要打造量子電腦，這才是客人所要的，研究調查越來越成熟，不過距離應用還有多久，並不是那麼清楚，因為應用一直再變動。林百里形容，量子電腦現在開始磨劍，十年磨一劍剛剛好，他可以賴皮晚點退休。但要出現相對應的應用才會有商機，強調公司的長期策略是發展運算的機器，也就是打造更先進的電腦。智慧醫療廣達最大挑戰！林百里：轉佈局海外在機器人佈局上，廣達專注於用在智慧製造的機器手臂，林百里直言，「我們做的是智慧製造裡適用的機器手臂，機器人又難做、又貴、又沒有客人，所以我們還在研究中，（我）沒有參加，20年已經超出我的想像，也不是我的事了，我那時候96歲了。」廣達近年發展三大產品線，包括智慧汽車和智慧製造都已經有獲利，唯獨智慧醫療仍然是一大挑戰，林百里坦言，台灣智慧醫療市場小，因此轉向美國市場，即使AI軟體已經做好了，但還要通過臨床試驗、認證申請等等，目前仍是一條漫漫長路。桃園／黃靖棻、蘇韋銘　|https://news.ttv.com.tw/news/11406130025200F|https://cdn.ttv.com.tw/manasystem/FileData/News/de0100b8-0280-4979-b696-73bceba62b03.jpg|True
財經_20250617_8|2025-06-13|財經|以伊衝突！台積電貼息中　台股跌214點守2200...|以色列與伊朗開戰，即使週四美股收紅，還是衝擊台股週五開盤就下殺超過300點，最低來到21984點，終場下跌214點，收在22072點，跌破五日線，跌幅0.96%，成交金額3653億元。而台積電持續貼息，終場下跌15元收在1030元，鴻海、聯發科走弱，廣達、緯創力守紅盤，股王信驊填息達陣，逆勢翻紅，油價大漲激勵台塑化漲逾3%作收，部分金融股、運輸、軍工類股相對抗跌。以色列對伊朗先發制人發動空襲，戰事再起衝擊加權指數，開盤下挫逾300點，一度跌破22000點，盤中跌幅收斂，在五日線附近震盪，收盤五日線沒守住。富邦金投顧董事長陳奕光表示，盤中破了兩萬二，很明顯應該是國安基金有進場做一些托盤的動作，其實這一波漲了5000多點之後，在這個地方做震盪其實算合理，那就會擔心這個月的CPI，可能會因為油價上漲而推升，進而延後聯準會降息的時程，這是今天讓股市出現比較明顯拉回的主要原因。中東緊繃軍工上膛！寶一.雷虎.漢翔逆勢走強盤面上個股跌多漲少，資金轉入軍工股雷虎、寶一等個股，權值股台積電持續貼息，鴻海平盤附近整理，金控股東會旺日，金融股走勢不一，富邦金偏弱，國泰金盤中翻紅，短線加權指數漲多修正，專家認為來到兩萬二以上有壓力，月線有撐，注意外資累積期貨空單，並買超反向ETF，以及台幣升值衝擊季底財報。至於何時能突破盤整格局？則看好美股四大指數已回到去年起漲點，台幣升值仍會帶動資金行情，以及除息後進入各投行長線布局時機等因素，都有利行情整理過後，反彈至去年起漲點23035。台新投顧副總黃文清指出，當然還是要屏息去等待川普對等關稅未來的發展，現階段大家可以有比較和緩的期待，只是真正到最後的數字是多少，則需要時間等待。專家建議投資人目前選股不選市，高周轉率操作，持股比例五成即可，留意低基期類股，像是觀光、航空、綠能等族群，以及沒跟上漲勢的AI類股，在大盤月線附近可逢低承接，靜待關稅豁免期結束前，美國與各國談判進展，再判斷行情下一步走勢。台北／綜合報導　|https://news.ttv.com.tw/news/11406130022500N|https://cdn.ttv.com.tw/manasystem/FileData/News/c1a80ab2-7dd7-4aa1-a331-64d9acafe652.jpg|True
財經_20250617_10|2025-06-12|財經|台積電連9次秒填息失利！專家點主因「免驚」 張忠...|護國神山台積電今（12）天進行除息，市場原先預期會上演第19次「當日填息」行情，不過開盤卻意外貼息，以1055元開出，下跌5元，終場下跌15元收在最低點1045元；受到美股四大指數走跌，台積電又貼息情況之下，加權指數開低走低，終場收在22287點，下跌182點，成交量3386億元，資金轉進中小型類股，櫃買指數逆勢收紅0.76點，收在234.77點，成交金額也有1154億元。台積電沒有秒填息收最低1045元 台股失守22300護國神山台積電12日進行除息，每股配發現金股利4.5元，除息參考價為1060元，原本市場預期台積電會照慣例上演「秒填息」行情，不料開盤卻跌破眼鏡，出現貼息走勢，最低來到1045元。分析師白易弘指出，台積電今天沒有辦法秒填息，主要是前兩天有先預先拉起來，從990元拉到1060元，今天再填息的話賣壓相對比較大一點，整體台積電在未來的展望正向樂觀，可能是有預期會秒填息的投資者預先買進，造成今天表現上來講，沒有辦法延續秒填息的力道。台積電24次除息「填息率100%」 專家仍看好後續力道根據統計，台積電改為季配息後，已進行24次除息，填息率100%，其中更有18次是在除息當天就完成填息，最長的填息時間是15個交易日，而這次使否能夠順利達成也備受外界關注。白易弘提到，台積電在整體擴產、量產，整個產能利用率部分比較正向樂觀，雖然今天貼息，預估未來填息的機會還是相對比較高，不用因為一時的貼息而感到緊張過度反應。台積電除息魏哲家可領3071萬 專家看好台股短震不改多頭格局若以創辦人張忠謀退休前持股12.5萬張來計算，他將可領到高達5.62億元的現金股利，現任董事長魏哲家6825張，也將進帳3071萬元。受到台積電貼息拖累還有美股收黑影響，加權指數開低走低，資金流入中小型股，櫃買指數逆勢收紅。分析師陳冠廷表示，大盤22000點是一個短線支撐，上檔壓力的話比如前高壓力24000點，算是比較遠一點，在這過程中就是創高回檔，壓力比較大就是24000點前高的壓力。分析師指出，短線修正難免，但基本面、籌碼面都維持多頭氛圍，投資人可在第三季進場，第四季台股有望再寫下亮眼成績單。台北／林浩宇、謝隆証　|https://news.ttv.com.tw/news/11406120021900F|https://cdn.ttv.com.tw/manasystem/FileData/News/2b1e9131-4869-42ef-a795-ff60ab115225.jpg|True
財經_20250617_12|2025-06-11|財經|美中達成貿易協議希望升溫 美股四大指數收紅|關心美股表現，美中達成貿易協議的希望升溫，市場將注意力轉向週三（11日）即將公布的關鍵數據，也就是消費者物價指數，四大主要指數終場收紅。道瓊工業指數上漲105點，收在42,866點，那斯達克指數上漲123點，收在19,714點，S&P500指數上漲32點，收在6038點，費城半導體指數上揚105點，收在5242點。國際中心／劉泳暐 編撰　|https://news.ttv.com.tw/news/11406110000200W|https://cdn.ttv.com.tw/manasystem/FileData/News/1960f498-59f1-4637-b858-557661a84ec1.jpg|True
財經_20250617_13|2025-06-10|財經|史上次高！台積電5月營收3205億元 年增約4成|晶圓代工龍頭台積電今（10）天公佈今年5月營收報告，今年5月合併營收約為新台幣3205億1600萬元，較上月減少了8.3%，較去年同期增加了39.6%，累計2025年1至5月營收，約為新台幣1兆5093億3700萬元，較去年同期增加了42.6%，創史上次高。台積電先前受惠由HPC平台驅動之3奈米及5奈米需求持續擴大，4月合併營收達3495億6700萬元，再寫歷史新高；時隔一月，台積電5月營收再創史上次高。|https://news.ttv.com.tw/news/11406100019600N|https://cdn.ttv.com.tw/manasystem/FileData/News/b44491c9-1083-48c7-b01d-6285fcd129bd.jpg|True
財經_20250617_14|2025-06-10|財經|台積電大漲40元！台股收盤勁揚451點 衝破2萬...|護國神山發威！台積電今（10）日開高走高，最高點一度衝上1050元，終場上漲40元，收在1045元。台積電強勢點火，帶旺整體電子族群，激勵大盤跳空開高、逼近年線，多頭氣氛全面回溫，最後上漲451點，以22242點作收，成交量3832億元。台積電一路狂衝大漲40元 市值返27兆台積電今天一開盤就上漲20元，來到1025元，盤中一度衝上1050元，創下2月底來新高紀錄，市值也收復27兆元大關。分析師翁偉捷指出，美股費城半導體指數上漲將近2個百分點，一般來說費半的相關係數跟台北股市高達8成以上，基本上看到費城半導體指數上漲，隔天台股應該就會開高。回顧第一季成績單，全球晶圓代工產業整體營收364億美元，台積電市占率達67.6％，穩居龍頭寶座，加上週四（12日）將迎來除息行情，台積電股價有望再戰1100元整數關卡。分析師林建宏指出，台積電到1100塊錢的話，還是要看美股最近幾天的發展，還有台股市場的買盤資金是否有正向回流，如果正向回流的話，1100是最基本的一個價格。台積電點火帶動電子權值股，鴻海穩在平盤之上，聯發科開高走高，AI概念股台光電、信驊漲幅都超過5%，大盤也熱了起來，盤中最高點衝上22294點，突破半年線，衝破年線就差臨門一腳。台積電分析師翁偉捷指出，以目前看起來，年線的反壓大概抓整數22300點，它只要能夠往上去進行突破，重新回到年線之上，代表台北股市重新回到長期多頭的趨勢。台積電強勢領漲，牽動整體多頭氣勢，也為大盤注入資金動能，分析師指出，相關供應鏈和電子族群基期相對偏低，還具備落後補漲潛力，股民可以趁機布局。台北／綜合報導　|https://news.ttv.com.tw/news/11406100002200W|https://cdn.ttv.com.tw/manasystem/FileData/News/def7bf9c-bd17-460d-b9b4-7579dd7e6428.jpg|True
財經_20250617_15|2025-06-10|財經|投資人靜待美中談判結果！美股4大指數漲跌互現|美中談判正進入第2天，雙方尋求緩解圍繞技術出口，與稀土供應的緊張情勢，投資人密切關注談判進展，並且靜待關鍵通膨數據。終場道瓊工業指數下跌1.11點，收42761點，那斯達克指數上漲61點，收在19591點，S&P500指數上漲5.52點，收在6005點，費城半導體指數上漲98.61點，收在5136點。國際中心／劉泳暐 編撰　|https://news.ttv.com.tw/news/11406100000400W|https://cdn.ttv.com.tw/manasystem/FileData/News/5b8d1627-382f-4d8f-b418-6b90041ea950.jpg|True
財經_20250617_17|2025-06-09|財經|台積電站回千元！回歸千金榜市值26兆 6/12除...|台積電週一重返千元大關，最高觸及1010元，激勵加權指數開高漲逾200點，最高來到2萬1866點，終場收在2萬1790點，上漲129點，漲幅0.6%，成交金額為3000億元，台積電上漲1.01%，收在1005元，睽違三個月收盤站上千元；而台積電週四（12）即將除息，分析師看好本次一樣有望秒填息。台積電千元行情！台股漲129點向21800關挺進睽違三個月，權王台積電收盤終於再度站回千元關卡，開盤最高觸及1010元，創下三個月新高，而台積電12日即將要除息4.5元，但現階段國際政經局勢變數仍在，投資人格外關注能否再度秒填息。萬寶投顧公司副總錢冠州提到，因為這次除息4.5元，如果1000元以上一檔就填息了，所以他覺得填息應該不是問題，只是在1000元這個位置來講，短線還是會來來回回稍微震盪，因為目前還是量縮，市場上的信心可能需要時間回籠。台積電過去季配息占股價比重不高，此次季配息4.5元，換算約占0.4%，分析師認為秒填息機會依舊很大，值得注意的是，部分小股東卻早已「棄息」下車，過去一週，台積電股東人數截至6日剩下約179萬人，減少約1.2萬人，當中人數最多的零股股東也減少8000多人。不過分析師看好下半年GB200擴大出貨等因素，AI族群行情可期，唯獨要注意台幣升值造成的匯損。分析師：台積電慢慢站穩千元 川普、中國和談不錯、變數不大運達投顧分析師吳官隆就認為，台積電基本上KD指標沒有到80以上的話，比較不會有所謂過熱跡象，今天禮拜一成交量也比上週五要放大，所以目前看起來，1000元以上似乎慢慢有逐步要站穩的跡象，而且近期也看到川普跟中國算是和談狀況還不錯，所以目前國內外因素其實都沒有很大的變數。週一台股在台積電站回千元激勵下，開高表態，最高觸及2萬1866點，部分電子權值股、金融族群撐盤，分析師認為，雖然大盤短線上有年線反壓，但中美二度談判有望帶來正面結果，外在環境利空逐漸淡化之下，台股有望緩步墊高突破年線。台北／綜合報導　|https://news.ttv.com.tw/news/11406090019800N|https://cdn.ttv.com.tw/manasystem/FileData/News/0603eadf-b801-414b-af8e-3923215c876f.jpg|True
財經_20250617_18|2025-06-09|財經|台股早盤漲逾百點 台積電重返千金俱樂部|美股上週五全面收紅，台股今（9）天開盤同步開高，以21773.45開出，一度衝上21,866.27點，上漲超過200點；權值股台積電以1005元開出，重新站回千元大關。|https://news.ttv.com.tw/news/11406090000700W|https://cdn.ttv.com.tw/manasystem/FileData/News/d8a7d95f-03cc-40c1-871f-442a20c8f07b.jpg|True
財經_20250617_19|2025-06-06|財經|亞馬遜AWS基礎設施區域在台灣正式啟用 預計投資...|亞馬遜6日宣布，AWS亞太(台北)區域正式啟用，開發者、新創、企業、非營利組織等，將能選擇位於台灣的AWS資料中心，執行應用程式並為終端用戶提供服務。同時，亞馬遜也計畫投資超過50億美元，以支援台灣資料中心的建設。從基礎的運算與儲存到進階的分析與人工智慧，新的AWS亞太台北區域，將使各種規模的組織能夠充分運用亞馬遜廣泛的雲端服務。亞馬遜AWS台灣暨香港總經理王定愷表示：它協助了我們把台灣跟我們全球三十多個區域聯合成一片，從企業常用的ERP、資料庫IoT，到現在最熱門的AI，生成式AI，在我們的這個區域裡面，都有這種類似積木型的服務，可以去拼湊、去解決所有的客戶的問題。除了滿足資料在地儲存需求，實現只有個位數毫秒的低延遲，亞馬遜也計畫投資超過50億美元，以支援台灣資料中心的建設、連接、營運和維護。亞馬遜AWS台灣暨香港總經理王定愷表示：我們可以協助客戶，除了自己用傳統的IT機房，自己維運、自己管理，自己還要去解決資安等等的問題的時候，我們可以協助它降低它的成本，甚至降低它的碳足跡。我們非常鼓勵，我們台灣的產業也好、政府也好、新創業也好，在嘗試這些的過程當中，要更加的勇敢去擁抱新科技。根據埃森哲報告估計AWS的基礎設施，比本地設施效率高4.1倍。當工作負載在AWS上進行最佳化時，相關的碳足跡最多可減少99%，包括台積電、中華電信、國泰金控、宏碁、雅虎台灣電子商務等，已選擇AWS執行工作負載。AWS也持續推動永續發展，致力於提高資料中心的能源效率，並以創新冷卻技術降低環境影響。|https://news.ttv.com.tw/news/11406060002900W|https://cdn.ttv.com.tw/manasystem/FileData/News/407456d3-8c84-4aba-b672-05eac4af118c.jpg|True
財經_20250617_22|2025-06-06|財經|黃仁勳挺支持核能挨轟！ 童子賢挺核綠共存：全面廢...|輝達執行長黃仁勳日前在閉門峰會上，主動提及能源議題，並且公開支持核電，卻引來一片罵聲，而代工大廠和碩董事長童子賢也再度力挺「核綠共存」，強調綠能不該排斥核能，一旦台灣完全廢核，不只電價難以穩定，也會喪失對抗暖化的科技優勢。民生用電佔不到18% 童子賢：用電成本增恐衝擊民生、企業營運黃仁勳日前公開表態支持核能，卻引來網路罵聲，童子賢也站在第一線，力挺「核綠共存」，更喊話千萬不要發展綠能以後排斥核能。他指出，台灣或許落後在國際間新的潮流之後，有一天要重新再使用這個技術的時候，發現人才都散掉這非常可惜，童子賢強調，不必為了呼應部長的講法把冷氣關掉，免得中暑，因為民生用電只占整個台灣的供電的百分之不到18。童子賢強調，台灣光是2024全年用電就有多達2900億度電，未來兩年之內甚至可能突破3000億度，如果每度電成本增加1元，全國每年將多支出3千億，這筆龐大開銷將直接衝擊民生與企業營運，一旦全面廢除核能，不管是電價還是對抗暖化，恐怕會面臨雙輸局面。川普、馬斯克因「大而美」撕破臉 童子賢驚訝另外，面對美國總統川普力推的「大而美法案」，讓特斯拉執行長馬斯克開撕川普，兩人從肝膽相照到隔空開罵，引發全球注目，童子賢也相當震驚，表示他們前兩個禮拜還很麻吉的樣子，兩個禮拜以後就表達了對這個法案的不以為然。只是兩人戲劇性地決裂，不只讓美股全面收黑，週五台股開低之後，一度翻紅，但不久又翻黑，在平盤以下震盪，最後小跌13.77點作收，面對川普關稅劇本邊改邊演，專家則建議投資人要適時分散風險。台北／魏于恬、林益新　|https://news.ttv.com.tw/news/11406060018000N|https://cdn.ttv.com.tw/manasystem/FileData/News/e0224888-49ac-4b8c-9039-5f91b8fd3187.jpg|True
財經_20250617_23|2025-06-06|財經|美股四大指數收黑 特斯拉股價重挫14%|關心美股表現，特斯拉執行長馬斯克（Elon Musk）和美國總統川普（Donald Trump）反目成仇，馬斯克一再批評大又美法案，讓川普直呼很失望，投資人擔心，馬斯克槓上川普，可能影響公司營運，特斯拉股價重挫超過14個百分點，也拖累美股大盤，四大指數終場全面走低。道瓊工業下跌108點，收在4萬2319點；那斯達克指數下跌162點，收在1萬9298點；S&P500指數下跌31點，收在5939點；費城半導體指數下跌22點，收在5010點。國際中心／陳韋仁 編撰　|https://news.ttv.com.tw/news/11406060006100N|https://cdn.ttv.com.tw/manasystem/FileData/News/6edcc8e5-89a1-4e2d-be74-7de5a1d9a043.jpg|True
財經_20250617_24|2025-06-05|財經|台灣富豪榜洗牌！富邦蔡家兄弟擠下林百里重返榜首 ...|美國雜誌富比世公布2025年台灣50大富豪榜，富邦集團董事長蔡明忠與富邦金控董事長蔡明興兄弟奪回榜首，財富增加32億美元至139億美元；而去年第一的台灣首富、廣達電腦集團董事長林百里淨資產增加8%，來到126億美元，今年退居第2。全台富豪排行榜又重新洗牌！根據美國雜誌富比士公布的2025年台灣50大富豪榜，第一名由富邦兄弟檔蔡明忠與蔡明興拿下，財富來到139億美元，一舉奪回榜首；而去年第一的林百里則是126億美元，排名第2。至於第3名是國泰金控董事長蔡宏圖與董事蔡政達兄弟，今年財富達109億美元，名次較去年上升兩名。值得一提的是，今年有3人擠進富豪榜單，其中2人來自AI伺服器領域，分別是滑軌製造商King Slide創辦人暨董事長林聰吉，以及半導體散熱元件製造商、健策精密工業董事長趙宗信和董事趙永昌兄弟，還有工業機器人供應商、台灣精銳科技創辦人暨董事長張重興。反之，受到全球化學產業發展受阻影響，台塑企業總裁王文淵與董事王文潮兄弟今年跌出富豪榜單之外。台北／林品瑄　|https://news.ttv.com.tw/news/11406050022600F|https://cdn.ttv.com.tw/manasystem/FileData/News/feeb12eb-fd0d-44bb-815e-0093546eb1c0.jpg|True
財經_20250617_25|2025-06-05|財經|勞動力市場放緩 美股漲跌互見|關心美股表現，有「小非農」之稱的ADP就業報告顯示，美國5月份民間新增就業人數只有3.7萬，數字為前年3月以來最低。勞動力市場放緩，加上貿易戰帶來不確定性，美股終場漲跌互見。道瓊工業下跌91點，收在4萬2427點；那斯達克指數上漲61點，收在1萬9460點；S&P500指數上漲0.44點，收在5970點；費城半導體指數上漲68點，收在5033點。國際中心／陳韋仁 編撰　|https://news.ttv.com.tw/news/11406050004900N|https://cdn.ttv.com.tw/manasystem/FileData/News/1ed4a93e-04fe-4b99-a5bb-b1097477282c.jpg|True
財經_20250617_26|2025-06-04|財經|台股再爆鉅額違約交割！專家猜1原因 關稅豁免倒數...|受到川普關稅戰前景不明的影響，台股近期表現都在2萬1千點震盪，雖然幅度沒有像4月份驚人，但昨（3）天爆出622.5萬元違約交割，這也是今年以來，違約交割金額第二大的交易日，僅次於4/8，專家分析由於集中市場在5月底的總開戶人數再飆新高，其中以年輕人新開戶數占多數，推測是不少小資族融資開槓桿，最後卻慘遭斷頭，另外也可能跟部分個股走勢偏弱有關。台股6/3鉅額違約交割622.5萬 僅次4/8關稅大跳水近期台股持續在高檔震盪，雖然告別暴跌暴漲，有如雲霄飛車般的走勢，但3日台股卻突然爆出622.5萬元的違約交割，這也是今年以來，違約交割金額第二大的交易日，僅次於4/8台股因關稅政策衝擊而大跳水的金額，背後原因也引發市場關注。分析師徐紹軒指出，五月證交所公告新開戶已到相對高點，六成以上都是30歲以下，因此他認為這六百萬應該是三十萬、五十萬這樣累積起來的，反而比較偏向是小資族斷頭的資金。分析師王榮旭也認為，這一波指數雖然反彈起來4千點，但其實有一些個股的走勢不但沒有跟著往上彈，甚至還呈現破底，很可能到現在虧損沒有減少還呈現擴大的情形。台積電領軍衝鋒！ 週三終場漲40元收在990元而週三台股受到美股、晶片股上漲激勵之下，加權指數終場大漲近5百點，其中台積電領軍衝鋒，收盤時上漲40元，股價來到990元；半導體族群也是氣勢如虹，機器人概念股更是在台積電董事長魏哲家開金口之下，引發爆動，多檔個股強攻漲停。徐紹軒提到，這種成交量能再繼續下去的情況，他覺得股市很容易挑戰2萬2，但也是需要一點時間；王榮旭也說，短線的消息面利多到底能不能持續下去，還有待觀察。90天關稅豁免快到期 專家：小心重演跳水戲碼專家分析，近期台股資金輪動速度快，從太陽能類股炒到北市科營建、資產股，再到貨櫃類股，都跟消息面有關，但畢竟距離6月下旬關稅豁免期只剩半個月，提醒投資人要小心4月戲碼重新上演，逢低布局才是上策。台北／魏于恬、黃聖權　|https://news.ttv.com.tw/news/11406040030300L|https://cdn.ttv.com.tw/manasystem/FileData/News/311354cc-b607-41b2-bbeb-10e3ef10ec89.jpg|True
財經_20250617_28|2025-06-03|財經|魏哲家股東會飆金句！美偷不走台積電技術 談海外設...|「護國神山」台積電今（3）天舉辦一年一度的股東會，這也是董事長魏哲家首次主持處女秀，金句連發，有股東關注關稅戰還有新台幣強升衝擊，魏哲家直言，「沒有怎麼辦，只能努力做，把技術做到世界第一，賣我們應該有的價值」；被問到技術會不會被偷走，他更霸氣宣示「不會」，只是要到美國設廠，成本勢必增加，魏哲家也用「在美國吃鼎泰豐」比喻貴又難吃，讓在場股東都鼓掌大笑。股東憂匯率、關稅兩難題 魏哲家：努力做、技術維持世界第一魏哲家上任週年，首次的股東會主持處女秀不改幽默本色，喊話股民「對台積電更有信心，繼續你們以往的支持」，但馬上就面對股東提問匯率、關稅兩大難題，他表示沒有什麼怎麼辦，努力做，把技術一直維持世界第一，然後賣台積電所應該得到的價值。魏哲家無法主導，就只能努力做，儘管否認中東設廠謠言，但大舉投資美國，也引發「美積電」疑慮，對此他認為，如果這麼容易就被偷走，台積電今天不會是這個樣子，投下定心丸。以鼎泰豐幽默比喻海外設廠 魏哲家：貴又不好吃只是要到美國設廠，成本也勢必增加，魏哲家笑說，有沒有去過美國吃鼎泰豐，「不好吃又貴」，引發現場大笑，他暗喻海外設廠成本高，生產更具挑戰，但這番話一出，也掀起熱議，不少網友笑稱，「鼎泰豐真的是躺著也中槍」。還有股東建議，如果成本太高，也可以用「漲價」因應，魏哲家也幽默回應，「這個怎麼好回答呢，心裡想的事情嘴巴可不能講」。魏哲家交成績單 台積電股價開高走低漲4元魏董金句連發，而回顧台積電股價，在張忠謀退休時來到229元，交棒給劉德音漲到839元，邁入「魏哲家時代」更一度衝上1160元歷史天價，可惜後續遭逢股災，就連在股東會當天股價也是開高走低，終場只上漲4元，收在950元，不過魏哲家仍強調，台積電生意很好啦，簡單講就是「多買股票就不會錯」。台積電股東數暴增至180萬 魏哲家籲：多多買股票而身為台股人氣王，台積電股東人數正式突破180萬人，躍居台股之冠，股東會現場還有一名年僅15歲少年股東，大喊「台積電就像我的提款機」，但在全球政經環境挑戰有增無減之下，護國神山能否再創輝煌，也考驗著魏哲家掌舵能力。新竹／魏于恬、余苓瑀　|https://news.ttv.com.tw/news/11406030032300L|https://cdn.ttv.com.tw/manasystem/FileData/News/1fbe3f7b-7726-48eb-9340-c5dbda21790e.jpg|True
財經_20250617_29|2025-06-03|財經|魏哲家認匯率影響大！親曝「毛利率降低」驚人數據：...|「護國神山」台積電今（3）天舉行一年一度的股東會，這也是董事長魏哲家首次主持處女秀，上任即將滿週年，交出亮眼成績單。面對有股東提問川普關稅、台幣升值怎麼辦？ 魏哲家表示，「沒有怎麼辦，努力做，把技術維持世界第一」，更喊出今年盈餘有望再創新高，並強調台積電的技術美國偷不走，讓現場股東掀起如雷掌聲。台積電董事長暨總裁魏哲家上任後首次的股東會主持處女秀，不改幽默本色，暗示大家多買台積電股票，不過面對股東提出關稅及匯率兩大難題，光是新台幣升值百分之一，就會讓台積電毛利率下降0.4個百分點，更不要說還有美國總統川普的關稅大刀。對此，魏哲家表示，只有努力做，把技術一直維持在世界第一，再賣出應得的價值，今年的營業額和盈餘都會再創歷史新高。股東會霸氣喊 魏哲家：台積電技術美偷不走面對台積電到國外設廠，公司技術機密是否會被偷走，股東們引發美積電擔憂，魏哲家也投下定心丸，拍胸脯保證，「有信心到全世界設工廠，就有信心技術不會外流出去。」此外，對於支持綠電也絲毫不手軟，表示綠電雖然會增加成本，「但台積電很會賺錢，可以應付成本增加。」霸氣發言讓全場掀起熱烈掌聲。隨著台積電股東會登場，加上外資維持買進評等，台積電股價也在早盤開高漲，魏哲家上任滿週年，即便歷經國際巨大動盪，仍打造出亮眼的「魏哲家時代」。新竹／魏于恬、余苓瑀　|https://news.ttv.com.tw/news/11406030012700I|https://cdn.ttv.com.tw/manasystem/FileData/News/dfd8b609-4233-486c-b9f0-b26ab02ba66c.jpg|True
財經_20250617_30|2025-06-02|財經|5月房仲交易回神！最多月增10%　專家：房價最快...|房仲業績出現谷底小反彈！5月份國內主要房仲集團的成交量出爐，普遍都比前一個月增加5%到10％，但跟去年同期相比，還是衰退3到5成，短期恐怕還是難以見到回溫態勢，因為接下來下半年，市場還有包含關稅、地緣政治、停滯性通膨等九大利空，房市專家就預估，下半年的房價恐怕將大幅鬆動。5月房仲交易回神！最多月增10% 年減仍3~5成5月各大房仲業者交易成績單出爐，各家交易量都比前一個月小幅回穩，像是永慶房產集團跟台灣房屋交易量，都比前一個月增加10%，中信房屋與住商機構則落在5%到7%，但如果跟去年同期比，整體還是衰退3到5成，六月恐怕還是充滿挑戰。房屋集團研展中心副理陳金萍說明，「其實在5月12號，就是中美貿易戰有一個休戰90天的狀況，那互降關稅115%左右，其實讓民眾有稍微感覺，貿易戰有比較和緩的跡象，目前看起來買方，他比較願意出來看屋，議價的意願也相對提高，那對於賣方來說，其實他們就是有一些小幅讓價的一個空間」。9大利空罩下半年　專家：房價最快明年Q2止跌價格出現鬆動，根據房屋網2025年第一季的房市季報來看，成屋單價是季跌1.2%，除了新北市小漲，外其餘五都是小跌 ，接下來恐怕也難以迅速回溫，畢竟看看今年下半年，還有九大利空罩頂，像是關稅戰的不確定性、匯率波動加劇、地緣政治、停滯性通膨 、GDP趨緩，甚至房屋市場得面臨龐大交屋潮、建商被迫開工等等壓力。房市趨勢專家李同榮表示，「什麼時候跌幅會比較深一點，應該預期是在下半年度，因為現在南部來講，去年第四季，台南跟高雄已經領跌，這個止跌的訊號，可能要等到價格鬆動，交易量才會回溫，所以下半年度，它是價格持續鬆動，那交易量持續回溫，那到了明年的上半年，才有可能有止跌的現象，明年預計到第二季，或是第三季才會有止跌現象」。房市連2季陷價跌量縮！　但AI產業撐區域發展不過另一方面，專家也看好近年來台灣AI產業大肆擴張，對台灣經濟前景與區域發展，仍有相當大的激勵作用，認為止跌時程將落在明年第三季，但短期來看仍是保守居多。台北／綜合報導　|https://news.ttv.com.tw/news/11406020021500N|https://cdn.ttv.com.tw/manasystem/FileData/News/b6ba1d89-aa0f-4f32-9678-91e32ef5c8e3.jpg|True
財經_20250617_31|2025-06-02|財經|電子權值無力撐盤 台股收跌344點險守2萬1|台股連假後出現補跌，開低走低一度失守季線關卡，電子股疲軟，3號將召開股東會的台積電，終場下跌21元，收在今（2）天的最低946元，鴻海與大立光跌幅2%上下，盤面上相對抗跌的包括因疫情升溫，再度獲得買盤進駐的防疫類股，亞諾法亮燈漲停，恆大漲幅一度超過8%，終場上漲3.9%，收在41.25元，加權指數終場下跌344點，收在21002點，成交量3447億元。台積電收946、鴻海跌2.24% 唯獨航運生技紅光美國總統川普對鋼鐵關稅再出招，外資空單水位持續增加，加上新台幣前一波快速升值，對企業營收獲利的影響即將在最新的營收財報中顯示，基本面、消息面的不確定性，都讓端午連假後的台股面臨補跌，開低走低，下跌超過300點失守月線後，一度跌破季線關卡。富邦金投顧董事長陳奕光分析，籌碼相對來講是比較穩定的，第二是外資在5月買了2000多億，平均成本差不多在20500點，假設說你來到這個位置，其實就是相對的成本區，這個地方我覺得可以逢低來做一些布局，22000就是這波的高點，21879可能到那個地方會形成壓力。3號要開股東會的台積電，最低來到946元，鴻海、大立光、聯發科跌幅1~2%，AI概念股技嘉一度跌逾4%，微星跌逾半根停板，盤面僅剩航運、生技和少部分金融股逆勢抗跌，亞諾法亮燈漲停，寶齡富錦漲幅超過5%。整體而言，專家認為目前台股資減券增，籌碼相對乾淨，加上將進入股東會旺季，大企業釋出對下半年展望，可給市場吃下定心丸，壽險、投行資金也會在此時進行長天期布局，都給台股一定支撐，唯獨要留意關稅休兵期大限將至，貿易談判變數增多，指數震盪明顯。美歐談判延至7/9　6月台股存關稅、匯損2變數第一金投顧董事長黃詣庭指出，外資在5月份大幅買超台股，但在過去5個交易日，是買進了0050反向，大概20.9萬張，再加上外資未平倉的空單，還有4.7萬張左右水準，顯示外資短線交易是傾向比較負面防禦的交易方法，5月份營收會不會如同4月份這麼漂亮，是一個不確定性，再加上說5月份有台幣快速升值的一個狀況，目前來看季線仍然下彎，大概維持在21000點附近。短線指數區間維持在20500~22000點箱型整理，往後關注包括金融業與電子業如何面對匯率風險，衝擊與否在5月份營收就能顯現，美歐關稅7/9如何演變，都是6月份投資人可觀察的重點。台北／綜合報導　|https://news.ttv.com.tw/news/11406020021400N|https://cdn.ttv.com.tw/manasystem/FileData/News/c03dadfc-8fb0-4e43-8b78-5578b82b3cc4.jpg|True
財經_20250617_33|2025-05-31|財經|赴阿聯設「超大晶圓廠」有譜？ 台積電：專注現有海...|根據外媒報導，有知情人士透露，台積電有意前往阿聯設廠，預計興建超大晶圓廠，但需要經過美方同意才能執行。對此，台積電回應，公司仍聚焦現有的擴廠計畫。台積電端午分紅 基層工程師平均3.5月上看30萬台積電第一季營收破8千億元，年成長率超過4成，員工連帶受惠，端午連假前台積電發放第一季員工分紅，光是基層工程師平均就分到約3.5個月，約台幣30萬元。且去年台積電員工離職率僅3.5%，也創了新低紀錄。緊接著在6月3日，台積電將迎來股東會，也是董事長魏哲家上任後首度主持，引發關注。而根據外媒《彭博》報導，知情人士透露，台積電近期與美國駐中東特使討論，有意前往阿聯興建6座工廠綜合體，類似亞利桑那廠規模，但須看美國態度才能決定是否前往設廠。對此，台積電回應，不評論市場傳聞，公司仍聚焦在現有的擴廠計畫。台積電傳赴阿聯設廠 專家：恐衝擊整體獲利分析師翁偉捷認為，台積電若設廠，很有可能會是另外一個一千億美元等級的支出，對於他們的整個獲利的表現、或是在EPS表現，都會受到一些衝擊。台灣經濟研究中心執行長吳大任指出，跑到阿聯投資對台積電來講，不是一個好的策略，也不是台積電一家去投資，就可以順利生產，對美國政府來講，未來如果在美國廠有足夠的產能，它也可以出口到阿聯。面對設廠計畫，分析師和學者態度保留，包含成本控管、人才招募等，恐怕都是設廠前需解套的實際問題。台北／綜合報導　|https://news.ttv.com.tw/news/11405310010200I|https://cdn.ttv.com.tw/manasystem/FileData/News/90ecfc1d-f32b-4dc4-bf10-258166491d2b.jpg|True
財經_20250617_36|2025-05-29|財經|鴻海「輪值CEO」將轉正！劉揚偉曝「三本柱」拉成...|鴻海集團1年多前啟動的「輪值CEO」制度，最新進展出爐！董事長劉揚偉29日透露，輪值CEO未來將過渡成為正CEO，可能在接下來3年就會發生，展望2025年，劉揚偉預期營收將顯著成長突破7兆元關卡，對於未來三年營運，同樣樂觀看待。鴻海今年業績挑戰7兆大關 劉揚偉：顯著成長鴻海股價從曾經的230元開始往下滑落，劉揚偉罕見談及自家股價，坦言股價波動與大環境、「美國因素」相關，儘管外部挑戰不斷，劉揚偉仍預期集團全年業績將顯著成長，展望2025年，雖然最近有很多的變數，仍抱持比較審慎的看法，在AI伺服器的強勁需求帶動下，集團全年仍會有顯著成長的表現，更看好一定會超過7兆元。劉揚偉指出，「ICT」是鴻海集團第一個成長引擎，第二個是「AI」，第三個營運支柱則是「電動車」，未來三年，鴻海的三本柱都能持續成長，同時劉揚偉也預告，有關兩家日本車廠的相關合作，一家已經公佈，另外一家也幾乎快差不多了，鴻海未來當然還有可能第三家、第四家談，去年Q3提到的兩家會陸續跟大家公佈，至於在美國的部分，預計今年Q4有Model C的美國版。鴻海推動「董總分治」 輪值CEO未來3年變正職此外，劉揚偉也提到，隨著輪值執行長的落實，接下來三年「董事長兼總經理」的現況將逐步淡出，藉此實現職權分離。新北／楊珩、謝隆証　|https://news.ttv.com.tw/news/11405290023900N|https://cdn.ttv.com.tw/manasystem/FileData/News/8312362a-d57a-463c-a2bd-1fbccb11530a.jpg|True
財經_20250617_37|2025-05-29|財經|輝達Q1財報「營收獲利優於市場預期」 盤後股價漲...|美國AI晶片龍頭輝達（NVIDIA）28號公布第一季財報，營收獲利都優於市場預期。不過受到美國晶片管制影響，第二季預測營收縮水80億美元。同時美國商務部再度出手，宣布暫停向中國出口晶片設計軟體，阻止核心技術外流。晶片管制影響 第二季預測營收「縮水」80億美元輝達第一季財報顯示，營收達到441億美元，跟去年同期相比，大幅成長69%，淨利達到188億美元，成長26%，其中資料中心作為輝達的核心業務，年增幅高達73%，好消息帶動股價成長，盤後上漲5%。輝達預估，第二季營收將達到450億美元，但也直言受到美國晶片管制影響，導致H20晶片無法出口到中國，不然預測營收還會再高出大約80億美元。執行長黃仁勳也對晶片管制相當不滿，不過他也避免批評川普，表示還是會相信他。股票策略師柯雷洛指出，「這很明確顯示限制相當嚴格，讓輝達無法向中國銷售任何像樣的產品，這也在我們的意料之中。」EDA軟體為研發晶片關鍵工具 傳美祭「出口限制」同時，川普政府再度出手，英國《金融時報》指出，美國商務部通知半導體軟體供應商，暫停向中國出口晶片設計軟體，美國EDA大廠全球市佔率超過7成，包括新思科技、益華電腦跟西門子在內，都收到相關通知。美國商務部聲明指出，對中國而言，這些產品具有戰略意義，在某些情況下，商務部將暫停現有的出口許可，或者在審查期間實施額外要求。EDA軟體是研發晶片的關鍵工具，美國接連祭出出口限制，阻止核心技術外流中國，不過這個消息，導致EDA大廠股價應聲重挫，新思科技跟益華電腦，收盤下跌約10%。國際中心／闕帝慈 編撰　|https://news.ttv.com.tw/news/11405290001000W|https://cdn.ttv.com.tw/manasystem/FileData/News/1d2e153d-9623-4e3a-b96c-0ba6b41e8255.jpg|True
財經_20250617_38|2025-05-29|財經|美股四大指數收墨 輝達財報超預期盤後股價漲4%|美股28日收低，市場聚焦輝達財報，加上美債殖利率攀升，投資人態度保守，四大指數終場全面下跌。而輝達公布的財報顯示，營收和獲利都超出預期，盤後股價大漲超過4%。美股收盤，道瓊工業指數下跌244點，收在42098點；那斯達克指數下跌98點，收在19100點；S&P500指數下跌32點，收在5888點；費城半導體指數下跌26點，收在4834點。國際中心／陳韋仁 編譯　|https://news.ttv.com.tw/news/11405290005200N|https://cdn.ttv.com.tw/manasystem/FileData/News/53f17174-e2fa-4a87-9db9-79281fd6b487.jpg|True
財經_20250617_41|2025-05-27|財經|台幣強升恐壓縮利潤 逼出企業裁員潮|新台幣強勢升值！外界一度認為，央行會守住收盤價，不升破30元的防線，但卻在昨天選擇放手。讓不少出口商、電子業、傳產業者相當頭痛，就怕新台幣獨強，產業界無法跟日、韓和中國競爭，接下來面臨經營困境，恐怕會出現裁員潮。新台幣升勢凌厲，26日一開盤持續走升，延續前一天上演的「衝關大秀」，終場以29.935元作收，這也是暌違2年，收盤價再次見到29元。另外不少投資客面對央行只有輕輕踩了煞車，也讓市場震驚，想知道這是否意味著允許讓新台幣繼續升值呢？今年以來新台幣兌美元升幅達到9.51%，幅度超越日圓、韓元、人民幣，成為亞洲最強，甚至還超越歐元的升幅。但這狀況讓不少以出口為導向的電子、傳產業者非常錯愕，坦言新台幣狂升比對等關稅政策衝擊更大。和大集團董事長沈國榮表示「你應該跟人民幣還有韓元、日幣，把它緊跟著就好了，因為它是我們最競爭的國家，我們才有競爭力嘛」，沈國榮還提到不知道央行的政策是怎麼樣的，直言「台灣沒有這個底氣，台幣強了，公司就撐不下去就倒了，就發不出薪水。」對於台幣走強的情況，鴻海強調會持續透過存貨管理，讓美元貶值對毛利率的影響降到最低；日月光投控則分析，新台幣每升值1元，將對封測業務的毛利率，產生大約1.5個百分點的負面影響。但就怕本季新台幣升值幅度不變，產業匯損將成為歷年之最。台北／魏于恬 余苓瑀 王秋明　|https://news.ttv.com.tw/news/11405270012700I|https://cdn.ttv.com.tw/manasystem/FileData/News/17cfbd71-3166-4197-b7db-13421c00b2ae.jpg|True
財經_20250617_42|2025-05-26|財經|黃仁勳赴瑞典續拓AI版圖 盛讚川普「有遠見」|輝達執行長黃仁勳5月全球奔波，繼中東與台灣行後，近日抵達瑞典，獲頒林雪坪大學榮譽博士學位。並宣布重大合作，他將攜手當地最具影響力的「瓦倫貝格集團」及旗下投資的電信商「愛立信」、「阿斯特捷利康」等企業合作，投入打造瑞典AI基礎建設。並盛讚川普推動美國再工業化與科技出口政策具前瞻性，展現輝達積極擴展全球布局的戰略節奏。黃仁勳5月好忙 奔走3大洲拉AI基礎建設大單輝達執行長黃仁勳5月行程馬不停蹄，接連造訪中東、台灣，如今又轉往歐洲第三站瑞典，奔走三大洲，積極推動AI基礎建設布局。此次他受邀前往瑞典林雪坪大學獲頒科學與工程學院榮譽博士學位。他宣布將與當地最具影響力的瓦倫貝格集團合作，攜手電信巨頭愛立信（Ericsson）、藥廠阿斯特捷利康（AstraZeneca）等企業，共同打造瑞典AI基礎建設中心。黃仁勳指出，「AI將對產業與社會產生深遠影響，每個國家都需要自己的AI基礎設施來支撐本國的發展」。輝達攜手瑞典瓦倫貝格集團 砸巨資蓋AI中心黃仁勳進一步說明，從瑞典的國家角度來看，當地創意與能源都相當充沛，但也面臨缺工問題，因此發展AI建設具有高度必要性與潛力。根據瑞典媒體TV4報導，這項AI中心投資金額目前雖尚未公開，但預估將達數億瑞典克朗，並希望於明年正式啟用。黃仁勳開發AI市場 與瓦倫貝格家族交情20年此次合作背後也展現出輝達與瓦倫貝格家族的長期情誼。黃仁勳透露，雙方早在輝達草創初期便建立聯繫，與現任瓦倫貝格投資公司董事長馬庫斯．瓦倫貝格（Marcus Wallenberg）交情已超過20年。馬庫斯也在會中表示，「這是一項規模龐大且必要的投資，科技發展快速，企業必須加快腳步才能維持競爭力。」延續黃仁勳在台灣行時提出輝達轉型為「AI基礎建設企業」的定位，他此次在瑞典也正面肯定政府政策對產業發展的助益。他特別讚揚美國政府推動再工業化具有高度「前瞻性」，並點名川普在推動科技出口方面的策略「極具遠見」，認為政府與企業若能形成合力，將有助於推動全球AI版圖的擴展。莊欣璉、詹明樺／綜合報導　|https://news.ttv.com.tw/news/11405260021800F|https://cdn.ttv.com.tw/manasystem/FileData/News/10d43020-d52c-4b36-bf8c-750cd6957023.jpg|True
財經_20250617_43|2025-05-26|財經|台股「關稅警戒」高檔震盪收跌115點 新台幣又現...|台股限空令解除的第一天，大盤週一（26日）開低震盪，不過輝達財報將公布AI族群廣達、緯創等獲買盤押寶；另外，新台幣午盤強升1.53角暫收29.87元，帶動資產股強攻，台火、新紡飆漲停，但權值股表現疲軟，加權指數終場下跌115點，收在21536點，失守五日線、十日線，跌幅0.53%，成交金額為2952億元。川普日前放話要對歐盟以及蘋果課徵高關稅，儘管今天又改口延期歐盟50%的高關稅，但市場信心還是遭到衝擊，台股又遇上金管會限空令退場開低，在五日線附近整理，雖然盤中翻紅來到21688點，不過隨即又翻黑下挫，上下震盪逾百點。分析師黃靖哲指出，解除限空令之後，所有的券資還有成交量，會越來越趨向於正常化，所以今天其實以解除限空令的第一天，通常就是有一個上漲的力量，不過今天盤勢上面，還是受到美國股市的牽連，內資主力利用券資方面來講，操作相關性質的個股，在盤中就陸續地出現反彈性質。盤面上權值股偏弱，題材股當道，台積電力拚守穩平盤，川普要對 iPhone 課重稅衝擊蘋概股，鴻海在平盤上下震盪，大立光走弱，廣達、緯創、緯穎相對撐盤，部分機器人概念股 BBU以及安控族群也有表現，欣普羅、昇銳、杭特紛紛亮紅燈。而本週迎來股東會旺季，輝達財報也要開獎，專家認為輝達要達到市場的高度期待可能有難度，但看好輝達第三季GB300的出貨情況，有利AI概念股走勢。只是要留意端午連假後，恐有利多出盡的變盤風險，預估加權指數短線仍維持區間震盪，在21600點附近有回檔壓力。萬寶投顧公司副總錢冠州認為，會變成是一個區間操作，要往上賣一點，往下真的打下來，可以去做一個低接的部分，持股比例來講，可以留部分現金，可能五成五成，或是保守一點可能三、四成的股票。像是台幣升值概念股，資產、觀光類股，分析師都點名可以留意，同時大盤後市變數仍多，包含川普關稅變數恐怕再起，以及台積電跟美國商務部的半導體關稅攻防，建議選股不選市，保留部分現金靈活操作。台北／綜合報導　|https://news.ttv.com.tw/news/11405260003200W|https://cdn.ttv.com.tw/manasystem/FileData/News/d1ccdddd-306d-41b7-87c8-78e1e311a30b.jpg|True
財經_20250617_44|2025-05-26|財經|限空令解除！台股一度下跌近百點 台積電跌9元|長達一個多月的限空令今（26）天解除，加上美國總統川普一度對歐盟揚言祭出50%高額關稅，即便今天改口要延長到7/9，但還是造成市場震盪，台股也面臨壓力測試，開盤指數下跌74.6點，隨後一度下跌近百點，權值股台積電一開盤就下跌9元，觸及975元，鴻海、聯發科也紛紛走跌。專家提醒，面對川普關稅政策威脅再起，台股限空令退場，預期短線波動將會加劇，再次考驗多頭信心。台視新聞／綜合報導 |https://news.ttv.com.tw/news/11405260009900A|https://cdn.ttv.com.tw/manasystem/FileData/News/4e4d3c5c-16bc-4c12-9d7f-ce0b6e29ff28.jpg|True
財經_20250617_47|2025-05-23|財經|旋風來台8天行程滿檔！黃仁勳今早離台　下一步動向...|輝達執行長黃仁勳結束8天7夜快閃行程，今（23）日早上9點多從松山機場起飛離台。一大早就有不少媒體粉絲在他下榻的飯店守候，黃仁勳與妻子、女兒大約8：40一起步出飯店，接著便幫粉絲簽名，他表示「這次來台灣很開心看到大家，這是一段很棒的旅程！」也對台灣的美食與人情味充滿不捨，他承諾明年過年或是輝達台灣分公司尾牙時會再回來！在動身前往機場時，黃仁勳依舊貼心準備紅包，犒賞給飯店等等人員，而松機這邊也是大批媒體粉絲駐守，即使趕時間，他也一一幫大家簽名留影。至於黃仁勳下一站要去哪，據了解他在瑞典有輝達的商務行程，因此他極有可能會先在香港轉機後，再前往瑞典。|https://news.ttv.com.tw/news/11405230000200W|https://cdn.ttv.com.tw/manasystem/FileData/News/42278258-11a2-46c4-913e-fed6f3778530.jpg|True
財經_20250617_48|2025-05-23|財經|黃仁勳今離台　離台前夕雨夜再訪私廚嘆遺憾未見「F...|輝達（NVIDIA）執行長黃仁勳今（23）日上午搭機離開台灣，為期8天的旋風訪台行程正式劃下句點。離台前夕，黃仁勳昨日晚間現身台北一家獲選「500盤」的私房餐廳用餐，期間一度暴雨，黃仁勳見粉絲、媒體冒雨守候，特別提著整袋便當親自走到門口發送，笑稱「這是特製菜」，還用台語大讚「他炒得有夠好吃」，展現親民又風趣的一面。黃仁勳這次為期8天的訪台行程期間，密集拜會科技夥伴、發表主題演說，所到之處話題不斷。而在台灣的最後一夜，黃仁勳則選擇二訪台北大安區一家獲選「500盤」的私房餐廳，與團隊餐敘合影，氣氛溫馨。返美前晚餐吃「500盤名店」 黃仁勳嘆...沒逛到夜市黃仁勳坦言，這趟行程唯一的遺憾，就是沒能去他最喜歡的夜市，「唯一難過的是我沒辦法去逛夜市，我如果去，人太多了，沒辦法走進去，你們知道，就是Fruit lady。」一句話點出台灣夜市記憶，也讓外界見識他對在地文化的熟悉與親切。攜手台積電、鴻海建AI工廠 黃仁勳讚：台灣電子製造業非常強大回顧此行，黃仁勳強調十分滿意，並透露目前正與鴻海、台積電等台灣夥伴合作建設AI工廠，形容這是「重要投資」，也再次肯定台灣在全球供應鏈中的戰略地位。他表示：「台灣是一個在電子製造領域非常強大的地區，擁有製造PC、電腦和晶片的能力。輝達可以利用科技與自動化技術，來放大台灣有限的人力資源，機器人技術就在這裡。」黃仁勳此行人氣依舊不減，從抵台到離境，每個公開場合幾乎都成為焦點。不論是談AI未來，還是送便當的暖心舉動，都為這趟訪問增添濃濃人情味，也再次展現輝達與台灣密切的產業連結。台北／王孜筠、黃聖權　|https://news.ttv.com.tw/news/11405220043800N|https://cdn.ttv.com.tw/manasystem/FileData/News/7a35652a-d222-4ed2-a7f2-e0ef41bca608.jpg|True
財經_20250617_49|2025-05-22|財經|行程滿檔太累？黃仁勳公司大廳閉目養神 沒找「fr...|輝達執行長黃仁勳來台參加台北國際電腦展，每天都是馬不停蹄的鐵人行程，離台前最後一天，不到九點又進輝達內湖分公司工作，中午到公司附近吃牛肉麵，粉絲要拍照簽名也幾乎來者不拒，半小時後又再趕回公司，他坦言真的有點累，很多工作要做，而他也被媒體捕捉到在公司大廳閉目養神的畫面。簡單用餐急忙回公司！ 黃仁勳嘴裡喊累仍親切簽名合照黃仁勳來台一個禮拜，公開、私人行程滿檔，今天一早就進公司，中午現身公司附近牛肉麵店，雖然只簡單用餐半小時，就急著趕回辦公室回去工作，但面對蜂擁而至的粉絲們，拍照簽名都盡量滿足，還拿著花生糖大方分送給現場民眾，一樣很親民，但眼神已經明顯露出疲態，坦言「今天有點累」。真的有累到，因為黃仁勳在輝達總部大廳還被捕捉到閉目養神的畫面，但再累，美食當前仍敵不住誘惑，用餐前他還先到附近買了水煎包、花生糖和水果。黃仁勳都吃「半筋半肉牛肉麵」 每訪都包大紅包牛肉麵店老闆哥哥表示，這是他第三次來這邊，他都點半筋半肉麵，沒有換過，老闆也讚他每一次都很好客，都會包一個大紅包給他們；而花生糖老闆也說第一次遇到黃仁勳，跟他合照、都說台語，他講得很好。黃仁勳23日一早就要離台，這回來台還沒去夜市找fruit lady，他表示很想去，但太多人了，如果去了會有很多人。名氣越來越大，想低調逛夜市看來都成奢侈，黃仁勳來台一週鐵人行程即將畫上句點。台北／劉芝宇、黃明聖、林秉州　|https://news.ttv.com.tw/news/11405220032500L|https://cdn.ttv.com.tw/manasystem/FileData/News/52bef5b9-d4b9-4cfd-95a1-bf2a3c2f7654.jpg|True
財經_20250617_51|2025-05-22|財經|COMPUTEX最後日開放參觀！護國神「乖」聯名...|號稱能守護電腦主機平安運作的台灣傳奇零食，這回跟COMPUTEX聯名驚喜現身展場，就連國外參展廠商都慕名而來，想要帶一包好運回家，而在明（23）天就是展期最後一天，將會開放一般民眾參觀，一館和二館分別有像是結合電競熱門遊戲設計全新機殼，以及智慧穿戴布局，都是不能錯過的亮點。科技吉祥物「綠乖乖」搶手 COMPUTEX各國新創齊聚一堂PKCOMPUTEX展期進入第三天，越來越多人手上拿著號稱「台灣科技玄學」的綠乖乖，可以守護主機平安運作，且配合此次展會推出聯名款「AI NEXT」，美國參展廠商笑說有聽說這個零食，意思代表「表現的很好」，可以放在伺服器IT設備，確保運作一切正常，最好要放一個在電腦上面；日本參展廠商也說這很不錯，會放在電腦旁邊。來參展的外國廠商都覺得乖乖文化既驚奇又有趣，隨著COMPUTEX展期進入倒數，5月23日將是最後一天，將會開放一般民眾購票參觀，而不能錯過的展場亮點有像是位在1館的電腦機殼設計，採用電競市場最熱門的三A遊戲大作《黑悟空》，用精細的雕刻藝術以及中國神話元素，搭配七彩散熱風扇，吸引不少玩家的目光。輕到無感！「指尖上的AI助理」全天候健康追蹤另外，還有玫瑰金的戒指僅2.9公克，非常輕量，可以測量心跳、血氧甚至是壓力指數，運動時就可以帶著，它更支援24種運動模式，不管是爬山或潛水，都能透過AI提供個人化的健康建議，讓使用者及時了解自己的身體狀況。而在2館還有創新與新創展區，可以看到比利時、巴西、法國、澳洲等10個國家籌組國家館，共同展現全球新創動能，聚焦AI、綠色科技、智慧移動等領域，為科技產業注入更多合作契機與創新商機。台北／黃靖棻、林家弘　|https://news.ttv.com.tw/news/11405220025000N|https://cdn.ttv.com.tw/manasystem/FileData/News/a5f9c4c8-850f-48e7-914a-d56bdaa79369.jpg|True
財經_20250617_52|2025-05-22|財經|AI基建崛起 黃仁勳預言：GPU將取代石油|輝達執行長黃仁勳旋風來台，所到之處都是焦點，而他在昨（21）日舉辦GTC全球媒體問答會，會議中他談到，「我們正站在新一輪工業革命的門口，而這次，關鍵資源不再是石油，而是GPU」，黃仁勳預言，GPU將取代石油，成為外交與產業的新武器，此外他也提到「機器人」，將成為科技業新顯學，將是未來經濟的核心。須擁有AI產業系統 黃：對台灣表現充滿信心黃仁勳此趟來台行程滿檔，21號在GTC全球媒體問答會上，直言輸出GPU，也就是AI圖形處理器，就是輸出標準，輸出平台以及生態系，未來全球產業重組核心不再只是供應鏈，而是「運算鏈」，他舉例像是傳統能源出口國沙烏地阿拉伯、阿聯酋、加拿大與印尼等都正在轉型為AI運算輸出基地，就是因為這些國家有大量廉價能源與土地資源。黃仁勳認為未來不再出口石油，而是輸出AI算力，預言GPU將取代石油成為外交與產業的新武器。黃仁勳表示，「台灣應該要發展人工智慧產業，來服務在地所有產業，像是醫療公司、工業、製造業，當然還有半導體公司、教育以及整個社會。這是一個新的開始，我對台灣的表現有信心。」與AI深度融合 黃：機器人是未來經濟核心除了GPU，黃仁勳也提到「機器人」將是未來經濟的核心。隨著AI與機器人深度融合，全球經濟結構勢必重新被定義。這次再度訪台，黃仁勳談AI、談未來趨勢，所造訪的每個地方、每一句話都成為關注焦點。台北／綜合報導　|https://news.ttv.com.tw/news/11405220012700I|https://cdn.ttv.com.tw/manasystem/FileData/News/e9778db0-4145-446d-a7d9-5860fa9e5fba.jpg|True
財經_20250617_53|2025-05-21|財經|海外總部設台灣不怕地緣政治風險？黃仁勳妙回：只是...|輝達執行長黃仁勳今（21）天接受全球媒體訪問，針對美國對中國的H20晶片管制，黃仁勳直言，這是錯誤政策，另外被問到在台灣設立海外總部，難道不怕地緣政治的風險嗎？黃仁勳幽默表示，只是因為現在的辦公室不夠大，需要更多椅子；而他中午帶著家人造訪四平商圈知名豬腳店，現場大量粉絲搶簽名，一度引發混亂。國民爸爸來了！ 黃仁勳訪豬腳店 粉絲暴動搶簽名親切跟用餐民眾打招呼，黃仁勳今天再度開啟美食地圖模式，中午帶著家人造訪四平商圈知名豬腳店，只是才剛走出店門口，馬上引起騷動，現場粉絲搶著簽名拍照，一度發生推擠。美管制H20晶片出口中國！黃仁勳直言：錯誤政策大啖美食前，黃仁勳剛結束全球媒體記者會，被問到美國對中國實施的H20晶片管制，黃仁勳直言「這是一個錯誤政策」，他指出約4年前拜登時期，輝達在中國的市佔率接近95%，現在腰斬只有50%，然而中國擁有全世界一半的AI研究人員，美國管制政策反而激勵中國加速自主發展動力。此外，黃仁勳更提及要在台灣建造AI超級電腦的動機，他認為台灣應該要發展人工智慧產業，來服務在地所有產業，這是一個全新的開始，他對台灣的表現充滿信心。黃仁勳這次來台，外界也高度關切在台灣設立海外總部，難道不怕地緣政治風險？黃仁勳妙答，在台灣設立新辦公室真的是因為輝達在台灣30年，已經成長到現在辦公室不夠大，需要更多椅子，他更幽默表示，已經迫不及待看到媒體會以「NVIDIA CEO說他需要更多椅子」這個新聞標題。黃仁勳出席AI論壇！ 妻子Lori排隊「扛回3袋粽子」而原本傳出，黃仁勳下午會現身台北電腦展，但最後委由老婆、女兒出席，為電源供應器大廠台達電站台，本尊則參加另一場AI論壇，遠東集團董事長徐旭東也受邀，證實同場黃仁勳。此次黃仁勳來台行程超級滿，家人巧妙扮起分身，還去外帶每回必買的粽子，一舉一動都引發關注。台北／林品瑄、黃聖權、甘而棣　|https://news.ttv.com.tw/news/11405210030900L|https://cdn.ttv.com.tw/manasystem/FileData/News/13e81e77-0c33-425d-b0e5-13e487f791b6.jpg|True
財經_20250617_54|2025-05-21|財經|強調台灣應有屬於自己AI產業　黃仁勳：對台表現充...|輝達執行長黃仁勳今（21）天接受全球媒體訪問，針對美國對中國的H20晶片管制，黃仁勳直言「這是錯誤政策」，美國限制出口，反而會激勵中國自主發展的動力。另外，他也分享要在台灣建造AI超級電腦的動機，是因為他認為台灣應該要有屬於自己的AI產業，來服務當地產業。美對中AI晶片出口管制　黃仁勳：政策錯誤輝達執行長黃仁勳一身標配黑色皮衣，出席全球媒體記者會，直球對決媒體所有提問，對於美國政府對中國實施的H20晶片管制，黃仁勳直言「這是錯誤政策」。他指出大約在4年前的拜登時期，輝達在中國的市佔率接近95％，現在腰斬只有50％，還要以更低的價格售出，使輝達失去一堆營收。黃仁勳也強調，中國擁有全世界50％的AI研究人員，能源和政府支持也足夠，像DeepSeek就是個非常出色的產品，美國管制政策，反而激勵中國加速自主發展的動力。唯一能維持台、中、美的CEO　黃仁勳：大家一起成功而被外界認為是唯一能夠同時維持台灣、中國與美國市場的CEO，黃仁勳坦言自己並沒有做什麼特別的事，「重要的是希望我們的合作夥伴能成功、整個產業都能成長，我們開發的技術有能力讓人們更加團結，希望人們能夠取得這項技術、理解它，大家可以一起成功」。黃仁勳估計，未來一年AI相關市場規模可達500億美元，如果輝達無法參與，不僅美國會錯失賺錢機會，產業鏈也會失去平衡。另外，黃仁勳認為台灣應該建立自己的AI產業，來服務在地所有產業，包括醫療、工業、製造業以及半導體產業，這同時這也是一個很好的機會，讓台灣能夠投入AI研究，「這是一個全新的開始，我對台灣的表現充滿信心」，台灣扮演AI關鍵核心，未來發展指日可待！台北／林品瑄、黃聖權、黃鈺君　|https://news.ttv.com.tw/news/11405210011600I|https://cdn.ttv.com.tw/manasystem/FileData/News/253d8b4a-0b74-4338-be5d-c12c5009a577.jpg|True
財經_20250617_55|2025-05-20|財經|賴清德站台COMPUTEX提3願景 台灣組「AI...|2025台北國際電腦展Computex今（20）天盛大開展，總統賴清德表示，此次活動將展現全球下一個世代科技發展的趨勢，包括鴻海董事長劉揚偉、華碩董事長施崇棠、和碩董事長童子賢等科技大老都現身逛展，台廠秀出最新AI伺服器、資料中心和機器人的科技實力，持續為產業注入強勁動能。賴清德跟劉揚偉「手肘碰手肘」 總統逛鴻海、和碩展區2025 COMPUTEX台北國際電腦展盛大開展，聚焦AI與機器人、次世代科技與智慧移動，未來十年產業創新動能，總統賴清德站台喊話，要代表國家熱烈歡迎，來自超過30個國家、1400個廠商共襄盛舉，盡情展示最先進的科技、最富有創意的科技，同時也指出全球下一個世代科技發展的趨勢。賴清德表示，台灣憑藉全球領先的半導體實力與創新能量，正扮演推動這波AI革新的關鍵角色，開展當天，科技大老齊聚一堂，包括劉揚偉、施崇棠、共同執行長胡書賓，還有童子賢、共同執行長鄭光志都現身逛展。上兆美元商機可期！ 童子賢談AI「才在爆發初期」童子賢提到，整個AI領域目前是引領數位科技裡面最重要的先驅的技術，所以實體加虛擬的話，市場現在才正要引爆而已，且都是用幾千億美元跟上兆美元的產值在期待這個產業。台廠在展位中，對外展示與輝達共同設計開發的全新次世代GB300 NVL72 伺服器機櫃，透過視覺化方式，展現訓練與推理兆級參數，大型語言模型的AI基礎設施也是AI工廠的運算核心，隨著AI伺服器本季開始大量出貨，新世代AI資料中心解決方案亮相，相關供應鏈蓄勢待發。光寶科總經理邱森彬表示，光寶的AI電源解決方案、液冷解決方案，還有5G專案專網的解決方案，都是今年展覽的亮點，AI伺服器未來的成長會是一個兆美元的市場，所以非常興奮能夠在這個領域能跟大家一起合作。人形機器人穿梭展場 廣運未來2～3年接單暢旺今年一樣能看到人形機器人在展場穿梭，與觀眾互動超級吸睛，廣運機械跨足AI人形機器人與智慧物流，全面進軍AI實體應用場域，同時看好資料中心液冷市場。廣運執行長謝明凱也說，就像昨天黃仁勳所說，在AI應用上面，其實熱能功率越來越大，所以液冷散熱這件事情的解決方案已經是趨勢，他認為今年廣運在整體的展望還是相當不錯，整體的訂單展望其實在未來的兩三年都相當不錯。儘管全球充斥關稅議題與地緣政治挑戰，但台灣AI產業鏈不斷加速擴張，為經濟注入強勁動能，科技實力持續躍上國際舞台。台北／曹再蔆、陳柏誠　|https://news.ttv.com.tw/news/11405200023500N|https://cdn.ttv.com.tw/manasystem/FileData/News/67bb1392-e086-4d11-9153-3931d8071e44.jpg|True
財經_20250617_56|2025-05-20|財經|黃仁勳樂翻！ 蔡力行送上最愛夜市水果驚喜|聯發科技副董事長暨執行長蔡力行今（20）日在台北國際電腦展發表主題演講，接近尾聲時熱情歡迎輝達創辦人暨執行長黃仁勳上台，沒想到蔡力行給黃仁勳準備了一份驚喜！拿出通化街夜市鄭阿姨水果攤的水果要送給黃仁勳。蔡力行歡迎黃仁勳上台同框，表示很喜歡昨（19）日黃仁勳於台北國際電腦展（COMPUTEX）發表的主題演講，黃仁勳則回應他也很喜歡與聯發科技的合作關係。在演講的最後，蔡力行突然告訴黃仁勳，「我今天有東西要送給你，除了事業以外，大家都知道你在台灣最喜歡什麼，『通化夜市鄭阿姨的新鮮水果』，對吧？」接著蔡力行拿出一袋水果，高舉向大家展示，裡面有番茄、芒果青還有芭樂，黃仁勳驚呼，「不會吧！這些都是我最喜歡的！」黃仁勳非常喜歡這間位於通化街夜市的鄭阿姨水果攤，而此次來台灣還沒有時間前往，這回收到如此「大禮」，臉上也洋溢著開心的笑容。|https://news.ttv.com.tw/news/11405200001300W|https://cdn.ttv.com.tw/manasystem/FileData/News/f8777f0a-af61-4ab4-afbc-f3bc157f0c76.jpg|True
財經_20250617_57|2025-05-20|財經|黃仁勳驚喜站台劉揚偉曝情史 自虧「4000萬名錶...|鴻海董事長劉揚偉今（20）日在台北國際電腦展發表主題演講，輝達創辦人黃仁勳驚喜現身站台，兩人在台上的逗趣互動成為焦點。劉揚偉在演說末段表示，他將問黃仁勳一些「私人的問題」，希望對方不要感到冒犯。而黃仁勳笑說，「大家早就知道我最喜歡哪幾間台灣餐廳，也都知道我下午要去哪了。」逗得全場大笑。劉揚偉問，是否想在台上對老婆說幾句話，黃說，「那就是我每天對她說的，愛你呦，親愛的。」除了大方放閃外，黃仁勳也自曝情史。黃表示，他是在17歲遇上當時19歲的老婆，追求對方時使用了自己的「超能力」，也就是主動跟女方說「你要看我的作業嗎」，從此之後每週都能與她「約會」。劉揚偉再問，「大家都很好奇你的皮衣，但我沒有，最近你的『手錶』變得很紅。」這時黃仁勳立刻秀出手腕說，「我不知道，我沒有戴手錶啊。」更笑稱手錶的新聞是假新聞。劉揚偉也開玩笑說，「真的嗎？那我要跟我老婆說，不用買這麼貴的手錶了。」黃仁勳說，「我沒有在戴手錶，我不在乎時間，我只在乎『現在』，這是我所唯一關注的。」而黃仁勳日前搭機來台，未穿招牌黑色皮衣，反而是手上配戴了價值近4000萬元台幣的名錶，成為網友熱議話題。|https://news.ttv.com.tw/news/11405200000900W|https://cdn.ttv.com.tw/manasystem/FileData/News/6adcf062-2bce-4ccb-96e3-fa1b369c9460.jpg|True
財經_20250617_58|2025-05-19|財經|輝達台灣總部插旗北士科　進駐再帶動房價？房仲「這...|輝達（NVIDIA）執行長黃仁勳，今（19）天在主題演講宣布，輝達台灣總部，決定設在台北市的北投士林，預計可能就是北士科T17、T18兩塊基地。對此房仲分析，北士科現階段為台北市政府主力發展重劃區，旁邊還有T16仁寶總部，以及華碩、和碩等大型企業，有望成為AI新聚落，另外也有房仲認為，同樣身為科技園區的南港、內湖一帶，地區發展逐漸趨於飽和，因此該區域房價，並不會產生太大影響。輝達台灣總部插旗北士科　和碩共同執行長：真的很意外演講尾聲黃仁勳驚喜宣布，輝達台灣總部地點將插旗台北市北投士林，不過外界好奇確切地點，是否為北士科T17、T18兩塊基地，從實景地圖俯瞰，基地合計3.89公頃為北市第三科技園區。實際來到現場，可以看到地主「新光人壽」圍起圍欄，一旁就是T16仁寶總部，還有華碩、和碩等大型企業。和碩共同執行長鄭光志也表示，「以後可以做鄰居，很意外，真的很意外」。輝達進駐房價漲？　專家：這個是肯定的北士科坐落在北投區和士林區交界，鄰近捷運芝山站交通相當便利，未來輝達進駐能讓房價提升多少？專家分析，近年這地段均單價趨勢2021年仍在65.43萬元，到了2022年變成114.42萬元漲幅74.87%，但專家也點出2023年和2024年這區域出現跌幅。房仲作家陳泰源說明，「過去幾年因為它漲太兇了，所以在前兩年北士科區域的房價，是反而在盤整往下跌，大概都跌幅大概2%到3%中，止跌回穩甚至再重新看漲，這個是肯定的」。可見之前漲過頭，至今還在向下盤整中，但同樣身為科技園區的南港內湖一帶，面對輝達台灣總部新選址，房價是否受到波動？不動產企劃研究室執行總監徐佳馨表示，「南港或者是內湖，它本身在發展上面就已經逐漸趨於飽和，所以我們會認為，輝達的設置在北士科，應該對於它們的房價，不會產生太大的影響」。輝達台灣總部地點總算揭曉，也讓外界期待未來北士科的發展動能。台北／綜合報導　|https://news.ttv.com.tw/news/11405190029700L|https://cdn.ttv.com.tw/manasystem/FileData/News/516eb8a7-9758-42a1-9845-b90af1e55bc6.jpg|True
財經_20250617_59|2025-05-19|財經|輝達總部在北士科！ 「鄰居」仁寶陳瑞聰：期待|輝達執行長黃仁勳在主題演講中，宣布台灣總部將座落在北投士林，傳出就是北士科T17、T18土地，鄰近仁寶總部，對此，仁寶董事長陳瑞聰表示，相當期待。地點物色很久！ 黃仁勳：頂級不動產有點貴黃仁勳的COMPUTEX主題演講在上午11點登場，5000人的名額全被搶光，開場前2小時，現場就出現排隊人潮，穿輝達工作T恤的工作人員在入口引導參加民眾入場，由於演講也吸引不少大學生朝聖，場外也同步招募台灣區人才。會上，黃仁勳揭曉外界關注的輝達台灣總部選址，就落在台北的北投士林，他坦言，總部地點物色了很久，所有市長都對他們很好，最終達成不錯的交易，不過有點貴，但畢竟頂級的不動產就是頂級的。北士科旁邊有仁寶總部，還有華碩、和碩、英業達等企業，仁寶董事長陳瑞聰對此表示，媒體上說，他有可能會在T16、T17，就在我們的T18旁邊，我們很期待。雲達總經理楊麒令則說，和輝達的合作都非常的緊密，不管總部地點在哪裡都很好。北士科T17、T18兩塊土地，面積共有3.89公頃，被視為台北市第三科技園區，對產業供應鏈來說，也符合輝達設置企業總部需求。台北／黃靖棻、柯思安　|https://news.ttv.com.tw/news/11405190026100N|https://cdn.ttv.com.tw/manasystem/FileData/News/f2a928e5-47fc-4553-908c-8cc92f066b47.jpg|True
財經_20250617_60|2025-05-19|財經|輝達選址北士科！ 仁寶、華碩、英業達都在附近|NVIDIA輝達總部最終決定落腳北投士林的北士科，房仲分析，北士科現階段為台北市政府主力發展重劃區，規劃上有軟體、AI，鄰近醫療體系，旁邊有T16仁寶總部，還有多家大型企業，有望成為AI新聚落。北士科單價基期較低 市場看好輝達磁吸效應從實景地圖俯瞰，北士科T17、T18二塊合計3.89公頃，為北市第三科技園區，旁邊有T16仁寶總部，還有華碩、和碩、英業達等大型企業。房仲作家陳泰源指出，就地價來說，北士科的地價相對其他地方來得基期低，所以不論是承租或者是購地取得，相對比較便宜；而重點是輝達總部本身就是一個地標，它到哪裡都會產生所謂的磁吸效應，都有可能變成一個AI聚落。進駐北士科 輝達有望帶動周邊就業買盤而輝達進駐，能讓當地房價提升多少？房仲搬出近年該地段均單價趨勢，2021年還在65.43萬元，2022年變成114.42萬元，漲幅74.87%，相當驚人。但也提到，2023年和2024年該區域出現跌幅，可見之前漲過頭，至今仍在向下盤整中，陳泰源說，跌幅大概2到3%中，但現在消息曝光，止跌回穩，甚至再重新看漲是肯定的。《住展》雜誌發言人陳炳辰也指出，商業的發展上，一些店家、店面的進駐，或者其他住宅產品，可能在單坪130萬的水位，甚至走向高價宅、豪宅的產品，讓企業主居住。輝達總部花落何處總算開獎，為北士科注入更多未來想像與發展動能。台北／綜合報導　|https://news.ttv.com.tw/news/11405190019300N|https://cdn.ttv.com.tw/manasystem/FileData/News/cf61d691-31f3-4686-9d03-982a94b5de1f.jpg|True
政治_20250617_4|2025-06-16|政治|綠營「密接支援」花蓮起跑 號召發起「草船借箭」|民眾黨週日舉辦反罷免活動，卻被發現新竹市政府的粉絲專頁竟同步公開直播，引發違反《選罷法》的爭議。對此，新竹市府回應是廠商操作失誤，已將直播下架。另一方面，民進黨中央下令全力投入罷免行動，展開「密接支援」，首站選在花蓮，並參考三國演義中諸葛亮「草船借箭」的典故，發起資源募集行動。傅文宣扇子狂撒花蓮 罷團發起「草船借箭」回收民進黨週一早上在花蓮吉安宣傳罷免行動，組織部主任張志豪率領在地議員站上路口宣傳，展開「密接支援」，結合陸空戰擴大聲勢。為凸顯訴求，團隊仿效三國諸葛亮「草船借箭」計策，發起「草船借扇」行動，邀請民眾捐出傅崐萁陣營發放的宣傳扇，回收再利用。花蓮縣議員張美慧表示，傅崐萁財力雄厚，在當地大量發放扇子，引發不少民眾反感，不願看到扇面人物。她指出，許多人認為這些政策是「芭樂票」，丟掉可惜才回收重製。公然違反選罷法？ 竹市府粉專直播「反罷免活動」另一方面，民眾黨週日在新竹舉辦反罷免活動，卻遭發現新竹市政府的官方粉絲專頁竟同步公開直播，引發外界質疑違反《選罷法》，使用公家資源介入政治活動。行政中立呢？粉專直播反罷 竹市府：廠商操作失誤對此，新竹市政府發言人楊寶楨回應，該直播為活動廠商操作疏失，誤將非市府活動內容發布於市府臉書，市府人員發現後即時下架，並對此表達遺憾與歉意。不過「新竹雙罷」發言人林志潔質疑，市府將責任歸咎廠商令人難以理解，反諷道，「若下次再違法，是不是要推給AI或機器人？」民進黨中央啟動「密接支援」，第一站選在花蓮，透過街頭宣傳與「草船借箭」的創意行動擴大聲量；而新竹市府臉書粉專誤直播反罷免活動，引發行政中立疑慮，雙方你來我往，罷免與反罷之爭已逐步升溫，成為全台關注的政治焦點。花蓮、新竹／陳勁曄、徐誌謙、林宸頡、馮浩宇　|https://news.ttv.com.tw/news/11406160030000N|https://cdn.ttv.com.tw/manasystem/FileData/News/53b036c4-4dee-40c0-baf6-44b9d75abfe0.jpg|True
政治_20250617_60|2025-06-09|政治|葉丙成請假調查以「教授身分」返校授課　台大：符合...|教育部次長葉丙成捲入「洩漏性平案個資」爭議，已經請假接受調查，神隱多日後，日前透過視訊授課回到大學AI聯盟課程。雖然他在借調期間，原本就有義務返校講授課程至少二學分以上，不過請假期間繼續教授課程，還是遭到質疑。民進黨立委坦言，確實存在灰色地帶，期盼葉丙成先把自己的事情先處理好，看調查結果後再行處理比較恰當。而台大校長陳文章最近曾表示，葉丙成身為台大教師，未來借調期滿，回台大教授課程「當然沒問題」。請假神隱 葉丙成視訊授課主動提起爭議事件教育部次長葉丙成風暴延燒，以次長身份請假調查中，卻默默轉換回到教授身份了嗎？因為他神隱多日後，卻被發現5號透過視訊，在AI聯盟線上課程照常上課，還提到自己因為近期風波暫停校園演講，但往後若有機會願意繼續到校演說。民進黨立委郭昱晴表示，「這個遠距教學，我想他應該是以台大教授的身分，所有的程序有沒有違反，現行制度的規範跟借調的制度，還是要問教育部的部分」。葉丙成若借調期滿返校任教 台大校長：沒問題只不過因為這「AI聯盟線上課程」，是葉丙成上任次長後推動，利用台大線上教學平台，讓聯盟中25所大學的學生修習AI學程，讓教育界人士認為，即便葉丙成有教授資格，這堂課顯然是因為次長身分開課，質疑是否妥當？也有綠營立委坦言確實存在灰色地帶，期盼葉丙成先把自己的事情先處理好，看調查結果後再行處理比較恰當。國民黨立委林沛祥則表示，「屬於所謂的學術自由，台大對於知識分子應該有的肯定，他只要把他的想法能夠微調之後，我認為去獵巫的行動倒是大可不必」。對此台大指出，校內依教育部規定，明定「專任教師借調處理要點」規定教師借調期間，仍有義務返校教授至少兩學分課程。而先前台大校長陳文章表態，葉丙成是台大教師，借調到教育部期限到10月，未來回台大任教沒問題。葉丙成風波燒不停，話題人物的下一步格外令人好奇。台北／黃子庭、劉醇唯　|https://news.ttv.com.tw/news/11406090013400N|https://cdn.ttv.com.tw/manasystem/FileData/News/c14b95f2-323a-4ad1-9769-7724d495c503.jpg|True
國際_20250617_2|2025-06-16|國際|印航波音787又出問題？ 疑技術故障急返香港|印度航空波音787-8「夢幻客機」12號才發生嚴重空難，機上242人，只有1人生還。16號又傳出同型號的客機，疑似因技術問題被迫折返。印度航空編號AI-315的航班，16號中午12點20分左右從香港起飛，原本要飛往印度新德里。機師在飛行途中懷疑出現技術問題，決定折返香港，並於下午1點15分左右安全降落。這次折返的客機同樣是波音787-8「夢幻客機」，機齡7年。消息人士透露，目前這架客機正在接受檢查。香港／綜合報導　|https://news.ttv.com.tw/news/11406160028600N|https://cdn.ttv.com.tw/manasystem/FileData/News/d062e2ae-2370-4630-9b58-2f056d0c886d.jpg|True
國際_20250617_33|2025-06-13|國際|美中貿易談判獲共識 稀土換美方鬆綁|倫敦時間6月10號半夜，美中結束兩天會談。美國總統川普隨即在社群媒體發文說，美中貿易協議已經完成，中國會提供美國所有磁材跟必要的稀土，美國也會提供中國協議中的相應物資，包括准許中國學生到美國留學。中國國際貿易談判代表李成鋼的說法則保守得多，形容談判結果是，雙方回到日內瓦會談達成的框架。美禁晶片中禁稀土 兩國互掐頸日內瓦框架是5月中旬談成的，川普隨後又變卦，禁止晶片設計軟體跟飛機發動機零件銷往中國。中方使出殺手鐧，把稀土出口許可從原本沒有期限縮短為6個月。稀土磁鐵的出口也變嚴，並且只賣給美國以外的買主，嚴重影響美國的電動車、機器人跟軍工產業。倫敦會談 重返日內瓦共識框架倫敦會談就是為了修補5月日內瓦談判後雙方關係的新變化，也為亟需稀土貨源的美國產業解套。雙方同意的這個框架，要各自帶回去由兩國元首批准。新華社11號下午的新聞稿，倫敦會談是中美經貿磋商首次會議，暗示還會繼續磋商。中欲脫困 貝森特籲產能轉內銷美國財長貝森特11號出席美國眾院籌款委員會聽證時，呼籲中方遵守在日內瓦達成的協議。貝森特認為，中國要穩定經濟，只有把過剩的產能從出口轉向內銷，提高國內的消費，而不是繼續壯大世界工廠的規模。|https://news.ttv.com.tw/news/11406130003600W|https://cdn.ttv.com.tw/manasystem/FileData/News/66ba38aa-9fa3-45ef-98fa-2ef7c46799b9.jpg|True
國際_20250617_38|2025-06-13|國際|又是印度航空！156人客機突收「炸彈恐嚇」　緊急...|印度航空近日相當不平靜，昨（12）日才發生飛機墜毀意外，導致兩百多人不幸罹難，不料今(13)日又傳出，一架乘載156名乘客的客機因為收到「炸彈恐嚇」，在起飛20分鐘後就緊急返航，重新降落泰國普吉島。《路透社》最新報導指出，今天早上印度航空一架正要飛往德里（Delhi）的AI379航班，因為在空中突然收到機上炸彈威脅，而請求緊急降落。據了解，寫有炸彈威脅的紙條是在機上洗手間被發現的，進而導致這架原定要從普吉島飛往德里的航班，在起飛後僅約20分鐘就改道飛回普吉島。泰國機場人員稱，該架AI379航班已經順利降落，機場正在執行相關緊急應變計畫，機上的156名乘客也已經被護送下飛機。|https://news.ttv.com.tw/news/11406130001500W|https://cdn.ttv.com.tw/manasystem/FileData/News/146ef6e7-ab76-49f1-9899-d013d748114a.jpg|True
國際_20250617_45|2025-06-13|國際|通膨趨緩 甲骨文大漲帶動美股收高|美國公布5月份生產物價指數年增率2.6%、符合預期，按月則是低於預期的0.1%。通膨趨緩加上甲骨文公布財報後，股價大漲超過13%，帶動美股全面上揚，其中，道瓊工業上漲101點，收在4萬2967點；那斯達指數上漲46點，收在1萬9662點；S&P500指數上漲23點，收在6045點；費城半導體指數上漲16點，收在5249點。國際中心／陳韋仁 編撰　|https://news.ttv.com.tw/news/11406130005100N|https://cdn.ttv.com.tw/manasystem/FileData/News/30c92f02-c46e-4e20-8c67-9d15ed415a4c.jpg|True
國際_20250617_47|2025-06-12|國際|印度航空客機墜毀！ 撞進醫生宿舍「242人恐全罹...|印度驚傳嚴重空難！印度航空一架從西部阿默達巴德飛往英國蓋威克機場的波音787-8客機，起飛僅5分鐘便墜毀於當地住宅區，機身直接撞入一棟醫師宿舍。機上共載有242名乘客與機組成員，確切死傷人數仍難以掌握，但印度警方初步研判全機恐無人生還，現場已尋獲多具罹難者遺體。印度總理莫迪與英國首相施凱爾（Keir Starmer）皆對此表達震驚與哀悼。報導指出，失事時當地天氣良好，飛行條件穩定，但機長起飛不久即向塔台發出求救訊號，具體事故原因仍待進一步調查釐清。起飛5分鐘就墜毀！ 悚...客機機腹著地炸成巨型火球事發於台灣時間12號下午4點多，這架印度航空編號AI171的波音787-8客機，原定飛往英國倫敦蓋威克機場，起飛僅短短5分鐘就發生墜機悲劇，機上共 242名乘客與機組成員，印度警方初步研判恐無人生還。印度民航總局證實，機上共有230名乘客與12名機組人員，其中169人為印度公民，英國公民有53人，另有1名加拿大與7名葡萄牙公民。民航單位已展開全面搜救，但目前僅完成七至八成區域清理，現場火勢猛烈，客機殘骸四散，遭撞擊的宿舍也嚴重受損。原定為長程航班、油箱全滿 墜毀瞬間爆炸更猛烈墜機當時天氣晴朗，能見度良好，機長卻在起飛後不久便向塔台發出求救訊號，隨即失聯，航班訊號在海拔僅625英尺處中斷。美國飛安專家指出，飛機機鼻雖維持上仰角度，卻呈下降趨勢，顯示飛行狀況異常。CNN主播指出，AI171原訂為長程航班，油箱滿載，撞擊後引發的爆炸更為嚴重。事故發生後，印度總理莫迪與英國首相施凱爾均表示震驚與哀悼。英國外交大臣拉米（David Lammy）表示，外交部正與印度地方政府合作，提供英國籍罹難者家屬必要協助。這起罕見的起飛即墜機事件震撼國際，印航已成立緊急應變小組配合後續調查，至於失事原因及確切傷亡人數仍待進一步釐清。另外，受墜機事件影響，波音股價在美股盤前交易，暴跌約8%。國際中心／張立德 編撰　|https://news.ttv.com.tw/news/11406120040900M|https://cdn.ttv.com.tw/manasystem/FileData/News/ea79119e-1593-40e2-bbae-45309bf9f5db.jpg|True
國際_20250617_48|2025-06-12|國際|起飛不久就發MAYDAY！787夢幻客機首失事 ...|【6/12 19：50｜薩達爾瓦拉巴伊帕特爾國際機場恢復運營】印度阿默達巴德今（12）天當地時間下午發生一起墜機意外，一架印度航空班機「AI171」起飛後不久就墜毀在民宅區，機型為波音787的夢幻客機，這也是該機型首起失事意外，波音盤前股價也隨即下跌。綜合外媒報導指出，班機AI171原本預計在當地時間下午1點39分，從薩達爾瓦拉巴伊帕特爾國際機場起飛前往倫敦，起飛後曾向空中交通管制部門發出MayDay求救訊號，但沒有得到回應，飛機訊號就在625英尺高處消失。延伸閱讀：印度失事客機上載有242人！ 航空公司公布乘客國籍787夢幻客機是一架寬體雙引擎飛機，現今最現代化的客機之一，這也是波音787飛機首次發生墜機事故，波音公司表示已接收到訊息，正準備收集更多資訊，連帶也影響盤前交易股價下跌6.8%，至199.13美元。事發後薩達爾瓦拉巴伊帕特爾國際機場宣布所有航班暫停飛行，稍早印度時間下午4點5分恢復運營；而目前傷亡人數還不明確，印度總理莫迪表示，空難讓人震驚、心碎，將全力與相關部門聯繫給予協助。|https://news.ttv.com.tw/news/11406120003700W|https://cdn.ttv.com.tw/manasystem/FileData/News/37258740-b5e8-4ee7-98ff-3f1206aecbb6.jpg|True
國際_20250617_49|2025-06-12|國際|印度失事客機上載有242人！ 航空公司公布乘客國...|（更新時間：18:05）印度西部城市阿默達巴德今（12）日稍早驚傳墜機意外，一架印度航空班機「AI171」起飛後墜毀，現場冒出大量黑煙。根據航空公司最新發布的聲明，機上共載有242人。印度航空表示，該架飛機型號為波音787-8，在當地時間下午1時38分起飛，乘客中分別有169位是印度籍、53位英國籍、1位加拿大籍與7位葡萄牙籍。據《路透社》引述當地電視台報導，失事飛機是在起飛後墜毀，當時正要飛往英國倫敦格域機場。在曝光的影像中，可看見機身碎片冒出熊熊火光，大量濃煙竄起。|https://news.ttv.com.tw/news/11406120003300W|https://cdn.ttv.com.tw/manasystem/FileData/News/a325e313-48e9-4bc6-b6fc-93157fc19624.jpg|True
國際_20250617_51|2025-06-12|國際|AI圖像涉侵權！ 迪士尼、環球聯手提告Midjo...|AI生成圖像惹上侵權風波。美國娛樂巨頭迪士尼與NBC環球11日聯手向加州中區聯邦地方法院提告知名AI圖像平台Midjourney，指控其未經授權大量生成角色圖像，嚴重侵犯著作權。原告形容對方是「著作權的寄生者」，更痛批其商業模式不單單只是抄襲，而是「剽竊的無底深淵」。以AI生成圖像聞名 Midjourney被控散布侵權內容遭提告這起訴訟於美國時間6月11日，由華特迪士尼與NBC環球等企業共同提起，被告為總部設於舊金山的AI公司Midjourney。該公司以生成式AI圖像服務聞名，允許用戶輸入關鍵字提示，便能快速產出動畫風格圖像。根據訴狀內容，Midjourney長期生成並散布與知名影視角色高度相似的圖像，卻未取得任何授權。控方痛批「剽竊的無底深淵」 稱其「典型著作權搭便車」原告痛批，Midjourney持續推出新版本，並未理會產業方要求採取技術限制來阻止侵權，反而提供更高畫質的侵權圖像。訴狀更直言，Midjourney是「剽竊的無底深淵」，其行為是「典型的著作權搭便車」，且「是蓄意與計畫性侵權」。華特迪士尼執行副總裁暨法務長表示，公司對AI技術持正面態度，但「盜版就是盜版，即使是AI公司所為，也不構成正當化」。NBC環球法務長則表示，這次提告是為了「保護所有創作者的心血，以及公司在內容上的重大投資」。未正面回應侵權爭議 曾稱圖像來自網路抓取、難以追溯Midjourney方面尚未回應媒體置評。根據路透社報導，該公司創辦人曾在2022年受訪時坦言，公司早期的圖像資料庫是靠「大規模抓取網路內容」建立，當被問及是否徵得授權時，他回應：「其實沒辦法知道一億張圖像是從哪裡來的。」兩大影業也要求法院核發初步禁制令，限制Midjourney在未設立保護機制前，不得再生成或散布侵權圖像或影片，並請求金額未公開的賠償。這起訴訟被視為好萊塢主流影業首次針對生成式AI發起正式法律行動。美國影視產業協會（MPA）也對此表態支持，強調著作權是產業根本，呼籲業界在AI技術應用上，必須兼顧智慧財產權與負責任的創新。|https://news.ttv.com.tw/news/11406120001400W|https://cdn.ttv.com.tw/manasystem/FileData/News/9258f8d8-0e21-4c69-aa6c-54efb01361cd.jpg|True
國際_20250617_52|2025-06-12|國際|歷史一刻！黃仁勳、法國合作打造歐洲AI生態系 再...|輝達執行長黃仁勳9日才出席英國倫敦科技展，11日又來到法國巴黎參加科技盛事Viva Tech，黃仁勳跟法國總統馬克宏同台對談，互動熱烈，也宣布一系列投資，協助歐洲打造自身的AI生態系，其中也包含在德國打造全球首座「工業AI雲」，輝達同天也在巴黎舉辦GTC大會，展示了升級版的人形機器人。黃仁勳與馬克宏同台互動熱絡 宣布系列投資黃仁勳近日歐洲趴趴走，11日到巴黎科技盛會VivaTech，跟可愛小機器人互動，比前一次同台更加流暢，明顯在短時間內升級，凸顯輝達的AI龍頭地位，歐洲AI發展腳步相對落後，馬克宏抓緊機會跟黃仁勳擊掌拍肩、熱烈互動打好關係，黃仁勳也帶來大禮，宣布要跟法國新創公司Mistral AI合作，打造全新運算平台。馬克宏直讚，輝達跟Mistral AI宣布合作，是歷史性的一刻，黃仁勳也放話，在短短兩年內，將要讓歐洲的算力提升10倍。擴大AI布局 黃仁勳：歐洲運算力2年提升10倍Mistral Compute平台使用1萬8000顆輝達最新一代Blackwell晶片，增強歐洲的技術能力；另外輝達也將在德國打造全球第一個「工業人工智慧雲」，加速業界革新，進而打造歐洲自身的產業生態系，守護AI主權。此外黃仁勳也宣布跟哈佛大學以及麻省理工學院合作，結合量子運算跟AI，開啟科技新紀元，也因此導致美國的量子電腦股大漲。國際中心／邱楷雯 編撰　|https://news.ttv.com.tw/news/11406120013700I|https://cdn.ttv.com.tw/manasystem/FileData/News/3df07409-cfbd-4f20-8b40-952432f587f4.jpg|True
國際_20250617_56|2025-06-12|國際|美中貿易框架待川習批准　四大指數收黑|美中第二輪談判落幕雙方達成貿易框架協議，不過仍有待兩國元首批准。此外，由於當地安全風險升高，川普政府正準備撤離部分駐伊拉克大使館人員，中東情勢緊張，四大指數終場全面下跌，其中，道瓊工業下跌1.1點，收在4萬2865點；那斯達指數下跌99點，收在1萬9615點；S&P500指數下跌16點，收在6022點；費城半導體指數下跌9.97點，收在5232點。國際中心／陳韋仁 編撰　|https://news.ttv.com.tw/news/11406120005900N|https://cdn.ttv.com.tw/manasystem/FileData/News/4381cfbd-de6f-4303-b9ca-51745f9db078.jpg|True
國際_20250617_57|2025-06-12|國際|對中仍課55%高關稅　美商務部長：不會把最好晶片...|美中貿易談判代表在倫敦進行第二輪貿易談判，美國總統川普（Donald Trump）表示美中已達成貿易協議，美國共取得55％的關稅，中國則取得10％。並表示中國將提供所有必要的稀土礦產，而美國也會接納中國學生進入美國的高等教育機構。不過美國商務部長盧特尼克（Howard Lutnick）透露，中國在談判中一再要求美方放行晶片，但美國不會把最好的晶片給中國。美中貿易協議達成　用稀土換中國生赴美求學美中經貿官員在倫敦磋商，雙方就落實日那瓦協議達成共識，美國總統川普發文表示，中國將提供所有必要的稀土礦產，而美國將允許中國學生赴美留學。美國沒有對中國汽車開放進口，也沒放寬對人工智慧晶片的限制，美國商務部長盧特尼克表示，中方在談判中一再要求美方放行晶片，但美國不會把最好的晶片給中國。部分國家暫緩加徵關稅　美財長：期限可能延長中美之間的關稅稅率只是回到原點，美國對中國仍課以重稅，徵收關稅總額為55％，中國對美國是10％。美國財長貝森特（Scott Bessent）向中國喊話，如果中國調整方向是往日內瓦達成的初步貿易協定，且倫敦會談後仍堅持，那麼世界兩大經濟體之間的重新平衡就有可能實現。貝森特還透露美方對一些國家暫停加徵關稅的期限有可能延長，學者專家對中美經貿朝向良性互動予以肯定，但也警告雙方仍有許多障礙和歧見，有待突破和化解。國際中心／劉泳暐 編撰　|https://news.ttv.com.tw/news/114061200055001|https://cdn.ttv.com.tw/manasystem/FileData/News/52df3081-81d5-49dc-8acb-620c0962306a.jpg|True
國際_20250617_60|2025-06-11|國際|AI巨擘在歐洲！ 黃仁勳同台施凱爾掀「仁來瘋」|輝達執行長黃仁勳如今已是全球最炙手可熱的科技領袖，9日出席倫敦科技週，與英國首相施凱爾（Keir Starmer）同台，盛讚英國正處於發展AI產業的關鍵時機，並承諾協助提升當地AI基礎建設。施凱爾也展現強烈決心，宣布加碼投入10億英鎊推動AI發展，目標在2030年前將全國運算能力提升20倍。由輝達技術打造的英國超級電腦，也預計今夏投入運作。「仁來瘋」燒到倫敦！ 黃仁勳籲英國抓緊AI浪潮當今AI科技備受全球關注，輝達執行長黃仁勳繼續擴大全球影響力，9日現身倫敦科技週，與英國首相施凱爾同台發表談話，點名英國正處於AI產業發展「不可思議的機會」。他強調，AI不只是技術工具，是影響所有產業的基礎建設，預言未來10年內，英國各行各業都將因AI而「科技化」。黃仁勳指出，AI發展速度驚人，「每10年增長一百萬倍」，若要跟上這股趨勢，形容唯一方式就是「趕快搭上這班太空船」，並呼籲英國應加速擁抱AI變革，把握時機。全球掀AI大戰！ 施凱爾上台後致力提升AI基建施凱爾政府上任後，曾取消先前保守黨規劃的超級電腦研發案，如今重新修正方向，並宣布投入10億英鎊（約408億台幣）強化AI基礎建設，目標在2030年前提升英國整體運算能力20倍，並規劃在同一時間內，提供750萬勞工AI技能訓練，展現積極搶攻AI領先地位的決心。施凱爾表示，AI和科技將為社會帶來更大人性，未來政府也會向每一位英國民眾說明，科技發展將帶來哪些具體益處。輝達則宣布進一步在英國擴展布局，預計於布里斯托設立全新科技中心，聚焦AI模型建構、機器人研發與高階運算等領域，強化與英國的技術連結。黃仁勳近月走訪各國、與政要同台談AI策略，被譽為「AI教父」的他不僅影響產業技術發展，更逐漸成為全球AI政策的關鍵推動者。隨著輝達版圖持續擴大，全球AI競賽的腳步也愈趨白熱化，科技與國力之間的連動關係，正以前所未見的速度重新被定義。國際中心／張立德 編撰　|https://news.ttv.com.tw/news/11406110035300L|https://cdn.ttv.com.tw/manasystem/FileData/News/acff76b6-79ff-44e3-a99c-2337b457e2e7.jpg|True
